#OTU_ID	B1	B10	B2	B3	B4	B5	B6	B7	B8	B9	BN1	BN3	DW1	DW10	DW11	DW12	DW13	DW14	DW15	DW16	DW17	DW18	DW19	DW2	DW20	DW3	DW4	DW5	DW6	DW7	DW8	DW9	DWN1	DWN3	DWN5	DWN7	L1	L10	L2	L3	L4	L5	L6	L7	L8	L9	LN1	LN3	N10	N11	N12	N13	N14	N15	N16	N18	N19	N20	N21	N22	N23	N24	N25	N26	N27	N28	N29	N3	N30	N31	N33	N34	N35	N36	N37	N39	N4	N40	N41	N42	N43	N44	N6	N7	N8	N9	NE1	NE2	PB16	PB19	PB20	PB23	PB24	PB25	PB26	PB29	PB30	PB37	PB38	PB39	PB40	PB41	PB51	PB52	PB53	PB54	PB55	PB56	PB57	PB58	PB59	PB60	PB61	PB62	PB63	PB64	PB65	PB66	PB67	PB68	PB69	PB70	PB71	PB72	PB73	PB74	PB75	PBN11	PBN12	PBN13	PBN16	PBN18	PBN3	PBN5	PBN7	PBN9	TB21	TB22	TB23	TB24	TB25	TB26	TB27	TB28	TB29	TB30	TB31	TB32	TB33	TB34	TB35	TB36	TB37	TB38	TB39	TB40	TB41	TB42	TB43	TB44	TB45	TBN11	TBN13	TBN5	TBN7	TBN9	WB1	WB10	WB11	WB12	WB13	WB14	WB15	WB16	WB17	WB18	WB19	WB2	WB20	WB3	WB4	WB5	WB6	WB7	WB8	WB9	WBN1	WBN3	WBN5	WBN7	taxonomy
Anguilla_anguilla	0	0	0	0	0	0	0	0	0	0	0	0	635	0	0	0	0	0	0	0	0	0	0	0	0	0	0	0	0	0	0	0	0	0	0	0	0	0	0	0	0	0	0	0	0	0	0	0	0	0	0	0	0	0	0	0	0	0	0	0	0	0	0	0	0	0	0	0	0	0	0	0	0	0	0	0	0	0	0	0	0	0	0	0	0	0	0	0	0	0	0	452	6	4335	3557	0	0	0	10359	2848	4533	0	0	0	0	0	5107	0	0	0	0	0	0	0	0	0	0	0	0	494	1764	480	0	0	8908	0	0	0	0	0	0	0	0	0	0	0	0	0	0	0	0	0	0	0	0	5962	0	0	0	0	0	0	0	0	0	0	0	0	0	0	0	0	0	0	0	0	0	0	0	0	0	8653	0	0	12047	0	0	8182	40215	3	0	0	0	0	0	14597	0	0	0	0	d__Eukaryota; p__Chordata; c__Actinopteri; o__Anguilliformes; f__Anguillidae; g__Anguilla; s__Anguilla_anguilla
Alosa_alosa	0	0	0	0	0	15133	0	0	0	0	0	0	3	3	0	0	0	0	395	0	7	14164	0	0	0	7223	8883	0	0	53452	5	0	0	0	0	0	0	0	0	0	0	0	0	0	0	5006	0	0	0	0	0	0	0	0	0	0	0	0	0	0	0	0	0	0	0	9966	0	0	0	0	0	0	0	0	0	0	0	0	0	0	0	0	0	7569	0	0	0	35423	3	0	0	0	0	0	0	0	0	0	0	0	0	3610	0	453	34968	0	0	0	0	0	0	0	0	0	0	0	0	4009	6228	2911	1198	3750	0	0	0	0	7	0	0	0	0	0	0	0	0	0	0	0	0	0	0	0	0	0	0	20896	3	0	4	0	7	14126	3	40	29134	18822	0	0	0	0	0	0	0	0	0	0	0	0	3	3	0	32272	6	0	5	4	0	0	0	0	0	0	0	0	0	0	0	0	350	0	d__Eukaryota; p__Chordata; c__Actinopteri; o__Clupeiformes; f__Clupeidae; g__Alosa; s__Alosa_alosa
Barbus_barbus	0	6125	0	0	0	0	0	0	0	0	0	0	0	11864	0	0	0	0	0	0	0	0	0	0	0	0	0	0	0	0	0	0	0	0	0	0	0	0	0	0	0	0	4845	0	0	1950	0	0	0	0	0	0	0	0	0	0	0	0	0	0	0	0	0	0	0	3	0	7	0	0	0	0	0	0	0	0	0	0	0	0	0	0	0	0	0	0	0	4	35034	28159	48203	2694	5306	5875	11179	23202	15723	0	9	4849	4619	14336	0	0	0	0	3914	225	913	0	4149	8933	0	0	0	0	0	17556	17052	23616	3821	13245	0	4353	8212	0	0	0	0	0	0	0	0	0	8	4	0	0	0	0	0	0	0	0	0	0	0	4	0	0	3	24227	0	9	11948	9589	0	0	0	0	9779	0	0	0	0	0	0	0	0	0	0	5674	0	0	0	0	0	0	0	0	0	0	0	0	0	0	0	0	0	0	d__Eukaryota; p__Chordata; c__Actinopteri; o__Cypriniformes; f__Cyprinidae; g__Barbus; s__Barbus_barbus
Gobio_gobio	0	0	14112	0	0	0	0	0	0	0	0	0	0	0	0	0	0	0	0	0	0	0	0	0	0	0	0	0	0	0	0	0	0	0	0	0	0	0	0	0	0	0	0	0	0	0	0	0	0	0	0	0	0	0	0	0	0	0	0	0	0	0	0	0	0	0	0	0	0	0	0	0	0	0	0	0	0	0	0	0	0	0	0	0	0	0	0	0	2088	13737	0	1621	8717	3444	0	0	6520	0	3258	6860	14922	0	0	0	0	0	0	871	0	1419	4137	7294	0	0	0	0	0	1947	3425	1391	776	2021	0	4285	15078	0	0	0	0	0	0	0	0	0	0	4	0	0	0	0	0	0	12175	0	214	0	0	0	0	0	0	2613	0	8	9383	2500	5948	0	0	0	0	0	0	0	0	0	10647	0	0	13707	0	0	0	0	2632	9478	0	0	0	0	0	11278	0	14313	15762	0	0	0	0	0	d__Eukaryota; p__Chordata; c__Actinopteri; o__Cypriniformes; f__Gobionidae; g__Gobio; s__Gobio_gobio
Pseudorasbora_parva	0	0	0	0	0	0	0	0	0	0	0	0	0	0	0	0	0	0	0	0	0	6227	0	0	0	0	0	0	0	0	0	0	0	0	0	0	0	0	0	0	0	0	0	0	0	0	0	0	0	0	0	0	0	0	0	0	0	0	0	0	0	0	0	0	0	0	0	0	0	0	0	0	0	0	0	0	0	0	0	0	0	0	0	8000	0	0	0	0	0	0	0	0	0	0	0	0	0	0	0	0	0	0	0	0	0	0	0	0	0	0	0	0	0	0	0	0	0	0	0	0	0	0	0	0	0	0	0	0	0	0	0	0	0	0	0	0	0	0	0	0	0	0	0	0	0	0	0	0	0	0	0	0	0	0	0	0	0	0	0	0	0	0	0	0	0	0	0	0	0	0	0	3028	0	0	0	0	0	0	0	0	0	0	0	0	0	0	0	0	166	0	d__Eukaryota; p__Chordata; c__Actinopteri; o__Cypriniformes; f__Gobionidae; g__Pseudorasbora; s__Pseudorasbora_parva
Abramis_brama	0	0	4	15664	0	0	3435	0	0	0	0	0	0	17165	0	0	0	0	0	0	0	0	0	0	0	2668	0	0	0	0	0	0	0	0	0	0	12	17	13	18998	111964	119433	0	10	8	3	0	3	0	0	0	0	0	0	0	0	0	0	0	0	0	0	0	0	0	0	0	0	0	0	0	0	0	0	0	0	0	0	0	0	0	0	0	0	0	0	0	0	0	0	0	0	0	1688	3830	0	0	0	7182	965	0	1756	0	3304	0	0	0	0	0	0	0	0	0	0	0	0	0	388	890	1048	892	555	0	8483	3696	0	0	0	0	0	0	0	0	0	0	0	0	0	0	0	0	0	0	0	0	0	0	28	6640	0	0	0	0	0	0	0	0	0	0	0	0	0	0	0	0	0	5166	0	0	4	23850	12	4	0	17611	18577	0	0	0	0	0	0	0	0	0	0	0	0	0	0	d__Eukaryota; p__Chordata; c__Actinopteri; o__Cypriniformes; f__Leuciscidae; g__Abramis; s__Abramis_brama
Alburnus_alburnus	0	0	3102	0	0	0	0	0	0	0	0	0	0	11263	0	0	0	0	0	0	0	0	0	0	0	0	0	0	0	0	0	0	0	0	0	0	3	0	0	0	0	0	7045	0	15360	0	0	0	0	0	0	0	0	0	0	0	0	0	0	0	0	0	0	0	0	0	0	0	0	0	0	0	0	0	0	0	0	0	0	0	0	0	0	0	0	0	0	0	0	3668	11372	55324	38347	23890	10373	0	18639	0	20080	6635	11531	7118	0	0	0	0	0	0	0	0	0	0	0	0	0	0	0	9662	7168	5649	1778	3312	0	0	10998	3	0	0	0	0	0	0	0	0	0	15	0	0	0	0	0	0	0	0	0	0	0	0	0	0	0	0	0	0	0	0	0	0	0	0	0	0	0	0	0	0	0	0	0	4	0	3	3	0	24014	0	0	0	0	0	0	0	0	0	0	0	0	0	0	0	d__Eukaryota; p__Chordata; c__Actinopteri; o__Cypriniformes; f__Leuciscidae; g__Alburnus; s__Alburnus_alburnus
Blicca_bjoerkna	0	0	0	0	0	0	0	0	0	0	0	0	0	0	0	0	0	0	0	0	0	0	0	0	0	0	0	0	0	0	0	0	0	0	0	0	0	0	0	0	0	0	0	0	0	4190	0	0	0	0	0	0	0	0	0	0	0	0	0	0	0	0	0	0	0	0	0	0	0	0	0	0	0	0	0	0	0	0	0	0	0	0	0	0	0	0	0	0	0	0	0	0	0	0	0	0	0	0	0	0	0	0	0	0	0	0	0	0	0	0	0	0	0	0	0	0	0	0	0	0	0	0	0	0	0	0	0	0	0	0	0	0	0	0	0	0	0	0	0	0	0	0	0	0	0	0	0	0	0	0	0	0	0	0	0	0	0	0	0	0	0	0	0	0	0	0	0	0	0	0	0	0	0	0	0	0	0	0	0	0	0	0	0	0	0	0	0	0	0	0	d__Eukaryota; p__Chordata; c__Actinopteri; o__Cypriniformes; f__Leuciscidae; g__Blicca; s__Blicca_bjoerkna
Phoxinus_phoxinus	0	0	6	6644	0	3	0	0	0	0	0	0	3	0	0	0	0	0	0	0	0	0	0	4	0	3	0	3	0	0	0	0	0	0	0	0	0	0	0	0	0	6	0	0	0	0	0	0	0	0	0	0	4	0	0	0	0	0	0	0	0	0	0	0	0	3	0	11	0	0	0	0	0	0	0	0	3	0	0	0	0	0	0	0	0	0	4	5	54632	42349	22779	12026	36817	42920	37381	0	17626	23961	64779	35142	61224	17299	3	4422	7395	17	37030	1576	4790	0	0	7309	0	0	0	0	0	83640	91261	77728	46331	94079	1173	23963	40016	5914	27	4	0	0	0	5	0	6	16	37	13	27	19	50254	25	0	48395	0	28097	25986	6008	188	55260	15854	73043	49503	22	39	34480	25667	19609	157138	49376	24	122758	5	0	0	0	0	0	0	0	0	0	0	0	0	0	0	0	3	0	0	0	0	0	0	0	9741	0	0	0	0	d__Eukaryota; p__Chordata; c__Actinopteri; o__Cypriniformes; f__Leuciscidae; g__Phoxinus; s__Phoxinus_phoxinus
Rutilus_rutilus	0	8931	23661	11623	0	4	0	0	0	0	0	0	3	16465	0	0	0	0	0	0	0	0	0	0	0	6601	0	0	0	3	0	0	0	0	0	0	0	3	15	36969	11730	11923	10969	3	0	4	0	0	0	0	0	0	0	0	0	0	0	0	0	0	0	0	0	0	0	0	0	0	0	0	0	0	0	0	0	0	0	0	0	0	0	0	0	0	0	0	0	0	0	7294	3726	4120	13078	9290	5519	0	2770	0	3286	3104	6542	10411	0	0	0	0	0	702	3	0	19034	48424	4	0	0	0	0	1326	2169	0	0	295	0	0	4255	0	0	0	0	0	0	0	0	0	0	0	0	3	0	0	0	0	0	0	0	0	0	0	0	0	0	0	0	0	0	0	0	0	0	0	0	0	0	0	0	0	3	0	4	3	3	3	0	0	4632	4122	24895	6	0	0	6	3	0	80949	3	6	0	0	0	0	d__Eukaryota; p__Chordata; c__Actinopteri; o__Cypriniformes; f__Leuciscidae; g__Rutilus; s__Rutilus_rutilus
Scardinius_erythrophthalmus	0	0	0	0	0	0	0	0	0	0	0	0	0	0	0	0	0	0	0	0	0	0	0	0	0	0	0	0	0	0	0	0	0	0	0	0	0	0	0	0	0	0	0	0	0	0	0	0	0	0	0	0	0	0	0	0	0	0	0	0	0	0	0	0	0	0	0	0	0	0	0	0	0	0	0	0	0	0	0	0	0	0	0	0	0	0	0	0	0	0	0	0	0	0	0	0	0	0	0	0	0	0	0	0	0	0	0	0	0	0	0	0	0	0	0	0	0	0	0	0	0	0	0	0	0	0	0	0	0	0	0	0	0	0	0	0	0	0	0	0	0	0	2951	0	0	0	0	0	0	0	0	0	0	0	0	0	5078	0	0	0	0	0	0	0	0	0	0	0	0	0	0	0	0	0	0	0	0	0	0	0	0	0	0	0	0	0	0	0	0	0	d__Eukaryota; p__Chordata; c__Actinopteri; o__Cypriniformes; f__Leuciscidae; g__Scardinius; s__Scardinius_erythrophthalmus
Squalius_cephalus	0	0	0	16065	0	3	7322	0	0	0	0	0	5	26031	0	0	0	0	0	0	0	0	0	0	0	4	0	5	19590	10	0	0	0	0	0	0	3	0	6	18276	3670	12852	0	3	0	0	0	0	0	0	0	0	3	0	0	0	0	0	0	0	0	0	0	0	0	0	0	3	0	0	0	0	0	0	0	0	0	0	0	0	0	0	0	0	0	0	0	0	6950	16122	10634	3807	31966	14137	24877	5	26262	0	28628	106364	17457	33429	0	0	0	0	0	3	0	0	4389	20393	0	0	0	0	0	26796	14191	14028	16864	14976	0	5877	15497	0	8	0	0	0	0	6	0	0	3	22	0	0	0	0	0	0	0	0	0	0	5035	0	0	0	0	0	0	0	3586	7005	6262	18457	0	0	0	0	0	0	0	0	4	0	0	0	0	0	0	0	0	0	0	0	0	3	9299	7	0	18788	0	25707	0	0	0	0	d__Eukaryota; p__Chordata; c__Actinopteri; o__Cypriniformes; f__Leuciscidae; g__Squalius; s__Squalius_cephalus
Barbatula_barbatula	0	0	0	0	0	0	0	0	0	0	0	0	0	0	0	0	0	0	0	0	0	0	0	0	0	0	0	0	0	0	0	0	0	0	0	0	0	0	0	0	0	0	0	0	0	0	0	0	0	0	0	0	0	0	0	0	0	0	0	0	0	0	0	0	0	0	0	0	0	0	0	0	0	0	0	0	0	0	0	0	0	0	0	0	0	0	0	0	6643	0	3485	509	2858	4574	0	0	626	0	773	1278	0	0	0	0	7684	0	9993	0	0	0	4445	0	0	0	0	0	0	0	2151	3912	0	3238	0	0	11907	0	0	0	0	0	0	0	0	0	0	0	0	5	8	0	4	0	25222	0	72057	16225	8972	76	25082	18597	9666	0	0	21	21048	35302	0	0	0	0	0	0	0	0	0	0	0	0	0	0	0	0	0	0	0	0	0	3176	0	0	0	0	0	0	0	0	0	0	0	0	d__Eukaryota; p__Chordata; c__Actinopteri; o__Cypriniformes; f__Nemacheilidae; g__Barbatula; s__Barbatula_barbatula
Esox_lucius	0	0	18587	0	0	0	0	0	0	0	0	0	0	0	0	0	0	0	0	0	0	0	0	4535	0	4523	0	0	7545	0	0	0	0	0	0	0	0	0	0	0	2243	0	0	0	0	2351	0	0	0	0	0	0	0	0	0	0	0	0	0	0	0	0	0	0	0	0	0	0	0	0	0	0	0	0	0	0	0	0	0	0	0	0	0	0	0	0	0	0	0	0	2733	0	2120	256	0	0	0	0	0	985	0	0	0	0	12554	0	3356	0	0	0	0	0	0	0	0	0	0	896	0	0	0	0	0	0	0	0	0	0	0	0	0	0	0	0	0	0	0	0	0	0	0	0	6938	0	3785	0	0	18	6430	0	0	0	0	0	0	0	0	0	0	0	0	0	0	0	0	0	2724	3	0	0	0	0	0	0	0	0	0	8912	0	0	28386	0	0	0	0	7792	0	0	0	0	d__Eukaryota; p__Chordata; c__Actinopteri; o__Esociformes; f__Esocidae; g__Esox; s__Esox_lucius
Cottus_gobio	0	0	3	0	0	0	4815	0	0	0	0	0	0	0	0	0	0	0	0	0	0	0	0	0	0	1287	0	0	0	0	0	0	0	0	0	0	0	0	0	0	5560	0	0	0	0	0	0	0	0	0	0	0	0	0	0	0	0	0	0	0	0	0	0	0	0	0	0	0	0	0	0	0	0	0	0	0	0	0	0	0	0	0	0	0	0	0	0	0	3516	1382	10246	2976	6735	9296	0	0	21739	0	5918	3988	16291	3295	0	8740	3	0	19500	0	2017	0	2177	12155	0	0	0	0	0	2727	1224	2138	1773	6018	0	8529	4957	0	0	0	0	0	0	0	0	0	925	4	0	4	4	21505	4	0	11868	3	50971	34340	2977	150	44464	5161	9	22612	0	19	8869	11005	47618	25861	24172	6	17636	0	0	0	0	0	6147	0	0	0	0	0	0	0	0	0	0	0	0	0	0	0	0	0	0	0	0	0	0	0	d__Eukaryota; p__Chordata; c__Actinopteri; o__Perciformes; f__Cottidae; g__Cottus; s__Cottus_gobio
Gasterosteus_aculeatus	0	0	0	0	0	0	0	0	0	0	0	0	0	0	0	0	0	0	0	0	0	0	0	0	0	0	0	0	0	0	0	0	0	0	0	0	0	0	0	0	0	27504	0	0	0	0	0	0	0	0	0	0	0	0	0	0	0	0	0	0	0	0	0	0	0	0	0	0	0	0	0	0	0	0	0	0	0	0	0	0	0	0	0	0	0	0	0	0	2579	0	0	359	0	458	3787	0	1254	0	0	929	0	0	0	0	0	0	0	0	0	0	0	0	0	0	0	0	0	2344	1177	0	1751	0	0	0	0	0	0	0	0	0	0	0	0	0	0	0	0	0	0	0	0	0	5117	0	6050	8677	0	26	7850	0	11958	0	0	0	0	0	0	0	0	0	0	0	0	0	0	0	0	0	0	0	0	0	0	0	0	0	0	0	0	0	0	0	0	0	0	0	0	0	0	0	d__Eukaryota; p__Chordata; c__Actinopteri; o__Perciformes; f__Gasterosteidae; g__Gasterosteus; s__Gasterosteus_aculeatus
Gymnocephalus_cernua	0	0	0	13292	0	0	0	0	0	0	0	0	2043	4	0	0	0	0	0	0	0	0	0	3044	0	3635	3	35055	9123	0	4	3	0	0	0	0	0	0	0	0	0	13196	5756	0	0	4893	0	0	0	0	0	0	0	0	0	0	0	0	0	0	0	0	0	0	0	0	0	0	0	0	0	0	0	0	0	0	0	0	0	0	0	0	0	0	0	0	0	0	0	2601	0	1085	2214	1839	0	0	0	3	7054	0	0	0	0	0	0	0	0	0	0	0	0	0	0	0	0	0	0	2944	4381	1141	1836	4201	0	0	0	0	0	0	0	0	0	0	0	0	0	0	0	0	0	0	0	0	0	0	0	0	0	0	0	0	0	0	0	0	0	0	0	0	0	0	0	0	0	0	0	0	13197	0	0	26672	3	0	0	0	0	7966	0	8100	0	3	3	0	0	0	0	29936	0	0	0	0	d__Eukaryota; p__Chordata; c__Actinopteri; o__Perciformes; f__Percidae; g__Gymnocephalus; s__Gymnocephalus_cernua
Perca_fluviatilis	0	14894	0	0	0	0	0	0	0	0	0	0	0	0	0	0	0	0	0	0	0	0	0	4778	0	4327	0	0	0	0	0	0	0	0	0	0	0	0	4	16799	2902	0	0	0	0	0	0	0	0	0	0	0	0	0	0	0	0	0	0	0	0	0	0	0	0	0	0	0	0	0	0	0	0	0	0	0	0	0	0	0	0	0	0	0	0	0	0	0	0	0	0	1503	3845	4725	4351	0	0	0	0	1627	11056	3776	0	0	0	0	0	0	188	0	0	0	0	0	0	0	0	0	980	4633	1295	0	0	0	0	0	0	0	0	0	0	0	0	0	0	3	0	0	0	0	0	0	0	0	0	0	0	0	0	0	0	0	0	0	0	0	0	0	0	0	0	0	0	0	0	0	4738	3	0	0	0	0	0	0	0	0	0	0	0	0	16856	0	0	0	0	0	0	0	0	0	d__Eukaryota; p__Chordata; c__Actinopteri; o__Perciformes; f__Percidae; g__Perca; s__Perca_fluviatilis
Salmo_salar	0	0	0	0	0	0	0	0	0	0	0	0	0	0	0	0	0	0	0	0	0	0	0	0	0	0	0	0	0	0	0	0	0	0	0	0	0	0	0	0	0	0	0	0	0	0	0	0	0	0	0	0	0	0	0	0	0	0	0	0	0	0	0	0	0	0	0	0	0	0	0	0	0	0	0	0	0	0	0	0	0	0	0	0	0	0	0	0	0	0	0	0	1908	429	0	0	0	0	2040	0	0	0	0	0	0	0	0	0	0	0	0	0	0	0	0	0	0	0	545	0	0	0	0	0	0	0	0	0	0	0	0	0	0	0	0	0	0	0	0	0	0	0	0	0	0	4628	0	0	0	0	0	0	0	0	0	0	0	0	0	0	0	0	0	0	0	0	0	0	0	0	0	0	0	0	0	0	0	0	0	0	0	0	0	0	0	0	0	0	0	0	d__Eukaryota; p__Chordata; c__Actinopteri; o__Salmoniformes; f__Salmonidae; g__Salmo; s__Salmo_salar
Salmo_trutta	0	0	0	0	0	0	0	0	0	0	0	0	0	0	0	0	0	0	0	0	0	0	0	5979	0	0	0	0	0	0	0	0	0	0	0	0	0	0	0	0	0	0	0	0	0	0	0	0	0	0	0	0	0	0	0	0	0	0	0	0	0	0	0	0	0	0	0	0	0	0	0	0	0	0	0	0	0	0	0	0	0	0	0	0	0	0	0	0	0	807	0	321	0	917	0	0	0	0	0	0	0	0	0	0	0	0	4611	0	0	0	0	0	0	0	0	0	0	3035	1492	0	0	0	0	6101	0	0	0	0	0	0	0	0	0	0	0	0	0	0	0	0	0	0	0	0	6353	11262	0	0	0	6529	0	0	0	0	0	3026	0	9921	0	0	0	0	0	0	0	0	0	0	0	0	0	0	0	0	0	0	0	0	0	0	0	0	0	0	0	0	0	0	0	0	d__Eukaryota; p__Chordata; c__Actinopteri; o__Salmoniformes; f__Salmonidae; g__Salmo; s__Salmo_trutta
Thymallus_thymallus	0	0	0	0	0	0	0	0	0	0	0	0	0	0	0	0	0	0	0	0	0	0	0	0	0	0	0	0	0	0	0	0	0	0	0	0	0	0	0	0	0	0	0	0	0	0	0	0	0	0	0	0	0	0	0	0	0	0	0	0	0	0	0	0	0	0	0	0	0	0	0	0	0	0	0	0	0	0	0	0	0	0	0	0	0	0	0	0	0	0	584	0	0	62	1739	0	0	0	0	0	0	0	0	0	0	0	3429	657	0	0	0	0	0	0	0	0	0	0	0	0	0	0	0	0	0	0	0	0	0	0	0	0	0	0	0	0	0	0	0	0	0	0	0	0	8990	0	0	0	0	0	0	0	0	0	0	0	0	0	0	0	0	0	0	0	0	0	0	0	0	0	0	0	0	0	0	0	0	0	0	0	0	0	0	0	0	0	0	0	0	0	d__Eukaryota; p__Chordata; c__Actinopteri; o__Salmoniformes; f__Salmonidae; g__Thymallus; s__Thymallus_thymallus
Lissotriton_vulgaris	0	0	0	0	0	0	0	0	0	0	0	0	0	0	0	0	0	0	0	0	0	0	0	0	0	0	0	0	0	0	0	0	0	0	0	0	0	0	0	0	0	0	0	0	0	0	0	0	0	0	0	0	0	0	0	0	0	0	0	0	0	0	0	0	0	0	0	0	0	0	0	0	0	0	0	0	0	0	0	0	0	0	0	0	0	0	0	0	0	0	0	0	0	0	0	0	0	0	0	0	0	0	0	0	0	0	713	0	0	0	0	0	0	0	0	0	0	0	0	0	0	0	0	0	0	0	0	0	0	0	0	0	0	0	0	0	0	0	0	0	0	0	0	0	0	0	0	0	0	0	0	0	0	0	0	0	0	0	0	0	0	0	0	0	0	0	0	0	0	0	0	0	0	0	0	0	0	0	0	0	0	0	0	0	0	0	0	0	0	0	d__Eukaryota; p__Chordata; c__Amphibia; o__Caudata; f__Salamandridae; g__Lissotriton; s__Lissotriton_vulgaris
Anas_platyrhynchos	0	0	0	0	0	0	0	0	0	0	0	0	0	0	0	0	0	0	0	0	0	0	0	0	0	0	0	0	0	0	0	0	0	0	0	0	0	0	0	0	0	0	0	0	0	0	0	0	0	0	0	0	0	0	0	0	0	0	0	0	0	0	0	0	0	0	0	0	0	0	0	0	0	0	0	0	0	0	0	0	0	0	0	0	0	0	0	0	0	0	0	0	0	0	0	0	0	0	0	0	0	0	0	0	0	0	0	0	0	50	0	0	0	0	0	0	0	0	0	0	0	0	0	0	0	0	0	0	0	0	0	0	0	0	0	0	0	30	0	0	0	0	0	0	336	0	0	0	0	0	0	0	0	0	0	0	0	23	0	0	0	0	0	0	0	0	0	0	0	0	0	0	0	0	0	0	0	0	0	0	0	0	0	0	0	0	0	0	0	0	d__Eukaryota; p__Chordata; c__Aves; o__Anseriformes; f__Anatidae; g__Anas; s__Anas_platyrhynchos
Corvus_corone	0	0	0	0	0	0	0	0	0	0	0	0	0	0	0	0	0	0	0	0	0	0	0	0	0	0	0	0	0	0	0	0	0	0	0	0	0	0	0	0	0	0	0	0	0	0	0	0	0	0	0	0	0	0	0	0	0	0	0	0	0	0	0	0	0	0	0	0	0	0	0	0	0	0	0	0	0	0	0	0	0	0	0	0	0	0	0	0	0	0	0	0	0	0	0	0	0	0	0	0	0	0	0	0	0	0	0	0	0	0	0	13	0	0	0	0	0	0	0	0	0	0	0	0	0	0	0	0	0	0	0	0	0	0	0	0	0	0	0	0	0	0	0	0	0	0	0	0	0	0	0	0	0	0	0	0	0	0	0	0	0	0	0	0	0	0	0	0	0	0	0	0	0	0	0	0	0	0	0	0	0	0	0	0	0	0	0	0	0	0	d__Eukaryota; p__Chordata; c__Aves; o__Passeriformes; f__Corvidae; g__Corvus; s__Corvus_corone
Lampetra_fluviatilis	0	0	0	0	0	0	0	0	0	0	0	0	0	0	0	0	0	0	0	0	0	0	0	0	0	0	0	0	0	0	0	0	0	0	0	0	0	0	0	0	0	0	0	0	0	0	0	0	0	0	0	0	0	0	0	0	0	0	0	0	0	0	0	0	0	0	0	0	0	0	0	0	0	0	0	0	0	0	0	0	0	0	0	0	0	0	0	0	0	0	0	0	0	0	0	0	0	0	0	0	0	0	0	0	0	0	0	0	0	0	0	0	0	0	0	0	0	0	0	0	0	0	0	0	0	0	0	0	0	0	0	0	0	0	0	0	0	0	0	0	0	0	0	0	0	0	0	0	0	13	0	0	0	0	0	0	0	0	0	0	0	0	0	0	0	0	0	0	0	0	0	0	0	0	0	0	0	0	0	0	0	0	0	0	0	0	0	0	0	0	d__Eukaryota; p__Chordata; c__Hyperoartia; o__Petromyzontiformes; f__Petromyzontidae; g__Lampetra; s__Lampetra_fluviatilis
Petromyzon_marinus	0	0	0	0	0	0	0	0	0	0	0	0	0	0	0	0	0	0	0	0	0	0	0	0	0	0	0	0	0	0	0	0	0	0	0	0	0	0	0	0	0	0	0	0	0	0	0	0	0	0	0	0	0	0	0	0	0	0	0	0	0	0	0	0	0	0	0	0	0	0	0	0	0	0	0	0	0	0	0	0	0	0	0	0	0	0	0	0	0	0	0	0	0	0	7	0	89	0	0	0	0	0	0	0	0	0	0	0	0	0	5	0	0	0	0	0	0	0	0	6	0	8	0	0	0	0	0	0	0	0	0	0	0	0	0	0	0	0	0	0	0	0	0	0	0	0	0	0	0	0	0	1393	0	0	0	0	0	0	0	0	0	0	0	0	0	0	0	0	0	0	0	0	0	0	0	0	0	0	0	0	0	0	0	0	0	0	0	0	0	0	d__Eukaryota; p__Chordata; c__Hyperoartia; o__Petromyzontiformes; f__Petromyzontidae; g__Petromyzon; s__Petromyzon_marinus
Bos_taurus	0	2251	0	0	0	0	487	0	0	0	0	0	390	3	0	0	0	4718	0	0	0	0	0	0	0	2811	0	4095	0	0	0	0	0	0	0	0	0	0	0	0	0	0	270	0	0	181	0	0	0	0	0	0	0	0	0	0	0	0	0	0	0	0	0	0	0	0	0	0	0	0	0	0	0	0	0	0	0	0	0	0	0	0	0	0	0	0	0	0	249	1290	1105	3	625	83	237	0	335	0	394	0	0	538	0	1410	863	0	3226	0	0	0	0	0	0	0	20	276	0	6	33	21	0	113	0	0	0	0	0	0	0	0	0	0	0	0	0	0	0	0	0	718	0	0	5542	0	2258	136	8943	26	9970	10599	2524	12647	5	4	6960	12612	3158	0	4109	0	445	0	0	0	0	0	887	0	0	636	0	0	0	0	0	0	0	51	0	0	0	882	0	0	0	0	0	0	0	0	d__Eukaryota; p__Chordata; c__Mammalia; o__Artiodactyla; f__Bovidae; g__Bos; s__Bos_taurus
Ovis_aries	0	0	0	0	0	0	0	0	0	0	0	0	0	0	0	0	0	0	0	0	0	0	0	0	0	691	0	0	0	0	0	0	0	0	0	0	0	0	0	0	0	0	0	0	0	0	0	0	0	0	0	0	0	0	0	0	0	0	0	0	0	0	0	0	0	0	0	0	0	0	0	0	0	0	0	0	0	0	0	0	0	0	0	0	0	0	0	0	50	33	757	19	0	10	0	0	0	0	0	167	77	0	0	1578	0	0	847	0	0	0	0	0	0	0	0	13	0	0	10	35	357	0	0	0	0	0	0	0	0	0	0	0	0	0	0	0	0	0	0	1895	0	0	0	0	0	0	3256	4	4021	1039	737	0	0	0	0	0	0	0	0	0	0	0	0	0	0	0	0	0	0	0	0	0	0	0	0	0	0	0	0	0	0	0	0	0	0	0	0	0	0	0	d__Eukaryota; p__Chordata; c__Mammalia; o__Artiodactyla; f__Bovidae; g__Ovis; s__Ovis_aries
Sus_scrofa	0	0	0	0	0	0	0	0	0	0	0	0	0	0	0	0	0	0	0	0	0	0	0	0	0	0	0	0	0	0	0	0	0	0	0	0	0	0	312	0	0	0	0	0	0	0	0	0	0	0	0	0	0	0	0	0	0	0	0	0	0	0	0	0	0	0	0	0	0	0	0	0	0	0	0	0	0	0	0	0	0	0	0	0	0	0	0	0	0	0	40	0	0	0	0	0	0	0	0	0	0	0	0	0	0	0	0	0	0	0	0	0	0	0	0	0	0	0	0	0	0	0	0	0	0	0	0	0	0	0	0	0	0	9	0	0	0	0	0	0	0	0	0	0	0	0	0	0	0	0	0	0	0	0	0	0	0	0	0	0	0	0	0	0	0	0	0	0	0	0	0	0	0	0	0	0	0	0	0	0	158	0	0	0	0	0	0	0	0	0	d__Eukaryota; p__Chordata; c__Mammalia; o__Artiodactyla; f__Suidae; g__Sus; s__Sus_scrofa
Pipistrellus_pipistrellus	0	0	0	0	0	0	0	0	0	0	0	0	0	0	0	0	0	0	0	0	0	0	0	0	0	0	0	0	0	0	0	0	0	0	0	0	0	0	0	0	0	0	0	0	0	0	0	0	0	0	0	0	0	0	0	0	0	0	0	0	0	0	0	0	0	0	0	0	0	0	0	0	0	0	0	0	0	0	0	0	0	0	0	0	0	0	0	0	0	0	0	66	0	0	0	0	0	0	0	0	0	0	0	0	0	0	0	0	0	0	0	0	0	0	0	0	0	0	0	0	0	0	0	0	0	0	0	0	0	0	0	0	0	0	0	0	0	0	0	0	0	0	0	0	0	0	0	0	0	0	0	0	0	0	0	0	0	0	0	0	0	0	0	0	0	0	0	0	0	0	0	0	0	0	0	0	0	0	0	0	0	0	0	0	0	0	0	0	0	0	d__Eukaryota; p__Chordata; c__Mammalia; o__Chiroptera; f__Vespertilionidae; g__Pipistrellus; s__Pipistrellus_pipistrellus
Oryctolagus_cuniculus	0	0	0	0	0	0	0	0	0	0	0	0	0	0	0	0	0	0	0	0	0	0	0	0	0	0	0	939	0	0	0	0	0	0	0	0	0	0	0	0	0	0	0	0	0	0	0	0	0	0	0	0	0	0	0	0	0	0	0	0	0	0	0	0	0	0	0	0	0	0	0	0	0	0	0	0	0	0	0	0	0	0	0	0	0	0	0	0	0	0	0	0	0	0	0	0	0	0	0	0	0	0	0	0	0	0	0	0	0	0	0	0	0	0	0	0	0	0	0	0	0	0	0	0	0	0	0	0	0	0	0	0	0	0	0	0	0	0	0	0	0	0	0	0	0	0	0	0	0	310	0	0	0	0	0	0	0	0	0	0	0	0	0	0	0	0	0	0	0	0	0	0	0	0	0	0	0	0	0	0	0	0	0	0	0	0	0	0	0	0	d__Eukaryota; p__Chordata; c__Mammalia; o__Lagomorpha; f__Leporidae; g__Oryctolagus; s__Oryctolagus_cuniculus
Homo_sapiens	0	0	0	0	0	0	0	0	0	0	0	0	0	0	0	0	0	0	0	0	0	0	0	0	0	0	0	0	0	0	0	0	0	0	0	0	0	0	0	0	0	0	0	0	0	0	0	0	0	0	0	0	0	0	0	0	0	0	0	0	0	6	0	0	0	0	0	0	0	0	0	0	0	0	0	0	0	0	0	0	0	0	0	0	0	0	0	0	0	0	0	0	0	0	0	0	0	0	0	0	7	0	0	0	0	0	0	0	0	0	0	0	0	0	0	0	0	0	0	0	0	0	0	0	0	0	2469	0	0	0	0	0	0	0	0	0	0	0	0	0	0	0	0	0	0	0	0	0	0	0	0	0	0	0	0	0	0	0	0	0	0	0	0	0	0	0	0	0	0	0	0	0	0	0	0	0	0	0	0	0	0	0	0	0	0	0	0	0	0	0	d__Eukaryota; p__Chordata; c__Mammalia; o__Primates; f__Hominidae; g__Homo; s__Homo_sapiens
Leuciscus	0	0	8621	0	0	0	0	0	0	0	0	0	1037	0	0	0	0	0	0	0	0	0	0	4081	0	0	0	0	0	0	0	0	0	0	0	0	0	0	0	0	4846	0	0	0	0	0	0	0	0	0	0	0	0	0	0	0	0	0	0	0	0	0	0	0	0	0	0	0	0	0	0	0	0	0	0	0	0	0	0	0	0	0	0	0	0	0	0	0	1398	6303	0	1693	14972	12042	954	0	17245	8725	0	5168	11546	3082	0	0	0	0	0	0	0	0	0	0	0	0	0	0	0	875	1351	1214	2708	3852	0	7746	3878	0	3	0	0	0	0	0	0	0	0	0	0	0	0	0	0	0	0	0	0	0	0	0	0	0	0	0	0	0	0	0	0	0	0	0	0	0	0	0	0	0	0	0	3	0	0	0	0	0	0	0	0	7687	22582	0	0	0	0	4805	0	0	0	0	0	0	d__Eukaryota; p__Chordata; c__Actinopteri; o__Cypriniformes; f__Leuciscidae; g__Leuciscus
Leuciscidae	0	0	0	0	0	0	0	0	0	0	0	0	0	0	0	0	0	0	0	0	0	0	0	0	0	0	0	0	0	0	0	0	0	0	0	0	0	0	0	0	0	0	0	0	0	0	0	0	0	0	0	0	0	0	0	0	0	0	0	0	0	0	0	0	0	0	0	0	0	0	0	0	0	0	0	0	0	0	0	0	0	0	0	0	0	0	0	0	0	0	0	2929	4281	6210	0	0	0	0	0	2336	0	0	0	0	0	0	0	0	0	0	0	0	0	0	0	0	0	1460	535	0	0	235	0	0	0	0	0	0	0	0	0	0	0	0	0	0	0	0	0	0	0	0	0	0	0	0	0	0	0	0	0	0	0	0	0	0	0	0	0	0	0	0	0	0	0	0	0	0	0	0	0	0	0	0	0	0	0	0	0	0	0	0	0	0	0	0	0	0	0	0	d__Eukaryota; p__Chordata; c__Actinopteri; o__Cypriniformes; f__Leuciscidae
unassigned	763	1485	2279	5066	0	0	5279	0	0	8	0	0	2983	1224	0	0	0	48	22	22	211	0	3864	1514	5	1265	238	1918	1440	6	0	0	0	0	0	0	0	4	0	992	915	2152	6587	4	4682	3167	0	0	7	0	0	4	0	0	0	10	3	23	0	0	0	0	0	0	0	0	0	0	0	0	0	0	0	3	0	0	0	3	0	0	0	9	0	0	4	0	0	0	272	550	671	4166	63	1268	265	27	5785	93	251	179	639	4440	0	2735	1660	522	1801	58	0	118	1161	1246	0	0	0	222	0	3091	7444	171	792	4595	14	1193	5221	39	0	0	0	0	19	0	22	0	0	21	0	0	214	3842	229	0	1545	70	773	14171	4745	0	1426	5228	1418	3408	4	3	2405	2205	340	140	362	0	414	3	9	0	0	0	3740	329	0	5018	5137	4115	0	3049	5623	1636	3218	2729	3480	0	3091	830	674	1123	423	2177	0	3	0	3	u__unassigned
