#OTU_ID	LIB1-NEG	LIB1-POS	LIB2-NEG	LIB2-POS	LIB3-NEG	LIB3-POS	LIB4-NEG	LIB4-POS	LIB5-NEG	LIB5-POS	NE01	NE02	NE03	NE04	NE05	NE06	NE07	NE09	NE10	NE100	NE101	NE11	NE12	NE13	NE14	NE15	NE16	NE17	NE18	NE19	NE20	NE21	NE22	NE23	NE24	NE25	NE26	NE27	NE28	NE29	NE30	NE31	NE32	NE33	NE34	NE35	NE36	NE37	NE38	NE39	NE40	NE41	NE42	NE43	NE44	NE45	NE46	NE47	NE48	NE49	NE50	NE51	NE52	NE53	NE54	NE55	NE56	NE57	NE58	NE59	NE61	NE62	NE63-1-1	NE63-1-2	NE63-2-1	NE63-2-2	NE64	NE66	NE67	NE68	NE69	NE70	NE71	NE72	NE73	NE74	NE75	NE76	NE77	NE78	NE79	NE80	NE81	NE82	NE83	NE84	NE85	NE86	NE87	NE88	NE89	NE90	NE91	NE92	NE93	NE94	NE95	NE96	NE97	NE98	NE99	taxonomy
Lumbricus_rubellus	0	0	0	0	0	0	0	0	0	0	0	0	0	0	0	0	0	0	0	0	0	0	0	0	0	0	0	0	0	0	0	0	0	0	0	0	0	0	0	0	0	0	0	0	5	3	0	3	0	0	0	0	4	9	0	151	8	0	0	0	0	0	0	0	0	0	0	0	0	0	0	0	0	0	0	0	0	68	0	0	4	0	0	0	0	0	0	0	0	0	0	0	0	0	0	0	0	3	0	0	0	0	0	0	7	0	0	15	0	0	0	d__Eukaryota; p__Annelida; c__Clitellata; o__Crassiclitellata; f__Lumbricidae; g__Lumbricus; s__Lumbricus_rubellus
Octolasion_cyaneum	0	0	0	0	0	0	0	0	0	0	0	0	0	0	0	0	0	0	0	0	0	0	75	0	0	0	0	0	0	0	0	0	0	0	0	0	0	0	0	0	0	0	0	0	0	0	0	0	0	0	0	0	0	0	0	0	0	0	0	0	0	0	0	32	3	0	0	0	0	0	0	0	0	76	0	0	0	0	0	0	0	0	0	0	81	0	0	0	0	0	0	0	0	0	0	0	0	0	0	0	0	0	0	0	0	0	0	0	0	0	0	d__Eukaryota; p__Annelida; c__Clitellata; o__Crassiclitellata; f__Lumbricidae; g__Octolasion; s__Octolasion_cyaneum
Henlea_perpusilla	0	0	0	0	0	0	0	0	0	0	0	0	0	0	0	0	0	0	0	0	0	0	0	0	0	0	0	0	0	0	0	0	0	0	0	0	0	0	0	0	0	0	0	0	0	0	3	0	0	0	0	0	0	0	0	0	0	0	0	0	0	0	0	0	0	0	0	0	0	0	0	0	0	0	0	0	0	0	0	0	0	0	0	0	0	0	0	0	0	0	0	0	0	0	0	0	0	0	0	0	0	3	0	0	0	0	0	0	0	0	0	d__Eukaryota; p__Annelida; c__Clitellata; o__Enchytraeida; f__Enchytraeidae; g__Henlea; s__Henlea_perpusilla
Henlea_ventriculosa	0	0	0	0	0	0	0	0	0	0	0	0	0	0	0	0	0	0	0	0	0	0	0	0	0	0	0	0	0	0	0	0	0	0	0	0	0	0	0	0	0	0	0	0	0	0	0	0	0	0	0	0	0	0	0	0	0	0	3	0	0	0	0	0	0	0	0	0	0	0	0	0	0	0	0	0	0	0	0	0	0	0	0	0	0	0	0	0	0	0	0	0	0	0	0	0	0	0	0	0	0	0	0	0	0	0	0	0	0	0	0	d__Eukaryota; p__Annelida; c__Clitellata; o__Enchytraeida; f__Enchytraeidae; g__Henlea; s__Henlea_ventriculosa
Aulodrilus_pluriseta	0	0	0	0	0	0	0	0	0	0	0	0	0	0	0	0	0	0	0	0	0	0	0	0	0	0	0	0	0	0	0	3	0	0	0	0	0	0	0	0	0	0	0	0	0	0	0	13	0	0	0	0	0	0	0	0	0	3	0	0	0	0	28	0	0	0	0	52	0	0	0	0	0	0	0	0	0	0	0	0	0	0	0	0	0	0	0	0	0	0	0	0	0	0	0	0	0	0	0	0	0	0	0	0	0	0	0	0	0	0	0	d__Eukaryota; p__Annelida; c__Clitellata; o__Haplotaxida; f__Naididae; g__Aulodrilus; s__Aulodrilus_pluriseta
Monopylephorus_rubroniveus	0	0	0	0	0	0	0	0	0	0	0	0	0	0	0	0	0	0	0	0	0	0	0	0	0	0	0	0	0	0	0	0	0	0	0	0	0	0	0	0	0	0	0	0	0	0	0	0	0	0	0	0	0	0	0	0	0	0	0	0	0	0	0	0	0	0	0	0	0	0	0	16	16	0	0	0	0	0	0	0	0	0	0	0	0	0	0	0	0	0	0	0	0	0	0	0	0	0	0	0	0	0	0	0	0	0	0	0	0	0	0	d__Eukaryota; p__Annelida; c__Clitellata; o__Haplotaxida; f__Naididae; g__Monopylephorus; s__Monopylephorus_rubroniveus
Nais_alpina	0	0	0	0	0	0	0	0	0	0	0	0	0	0	0	0	0	0	0	0	0	0	3	0	0	0	0	0	0	0	0	0	0	0	0	0	0	0	0	0	0	0	0	13	3	0	3	0	6	0	0	17	0	6	0	0	0	0	58	0	6	0	0	8	4	32	52	0	0	0	0	0	0	0	0	0	0	35	14	0	3	0	0	123	3	9	0	7	0	0	0	0	0	0	3	0	0	0	0	0	0	42	28	0	0	0	0	0	0	0	0	d__Eukaryota; p__Annelida; c__Clitellata; o__Haplotaxida; f__Naididae; g__Nais; s__Nais_alpina
Nais_bretscheri	0	0	0	0	0	0	0	0	0	0	0	0	0	0	0	0	0	0	0	0	0	32	13	0	0	0	9	35	17	16	0	0	0	0	3	0	0	0	0	3	3	0	0	0	0	3	0	0	0	23	0	0	0	0	0	0	6	3	3	0	0	0	0	3	0	0	0	0	0	17	0	0	0	10	7	35	0	32	0	0	0	0	15	77	3	3	0	0	0	0	0	0	0	6	3	10	0	0	7	0	0	0	0	0	0	0	0	0	0	0	0	d__Eukaryota; p__Annelida; c__Clitellata; o__Haplotaxida; f__Naididae; g__Nais; s__Nais_bretscheri
Nais_elinguis	0	0	0	0	0	0	0	0	0	0	0	0	0	0	0	0	0	0	0	0	0	0	0	0	0	0	0	0	0	0	0	0	0	0	0	0	0	0	0	0	0	0	0	40	0	0	0	0	0	0	0	33	0	12	0	0	0	6	0	0	0	0	0	0	17	14	80	0	0	0	0	0	3	0	0	0	0	12	0	0	0	0	0	3	0	6	0	0	0	0	0	0	0	0	0	0	0	0	0	0	0	170	4	0	0	0	0	0	0	0	0	d__Eukaryota; p__Annelida; c__Clitellata; o__Haplotaxida; f__Naididae; g__Nais; s__Nais_elinguis
Ophidonais_serpentina	0	0	0	0	0	0	0	0	0	0	0	0	0	0	0	0	0	0	0	0	0	0	0	0	0	0	0	0	0	0	0	0	0	0	0	0	0	3	0	0	0	0	0	0	0	0	0	0	26	0	0	0	0	3	0	0	0	0	0	0	0	0	0	0	0	0	61	0	0	0	0	0	0	10	0	0	0	12	0	0	0	0	0	0	5	43	0	0	3	0	0	0	0	0	3	0	0	0	0	0	0	26	10	0	0	0	0	0	0	0	0	d__Eukaryota; p__Annelida; c__Clitellata; o__Haplotaxida; f__Naididae; g__Ophidonais; s__Ophidonais_serpentina
Piguetiella_blanci	0	0	0	0	0	0	0	0	0	0	0	0	0	0	0	0	0	0	0	0	0	0	0	0	0	0	0	0	0	0	0	0	0	0	0	0	0	0	0	0	0	0	0	0	0	0	0	0	0	0	0	0	0	0	0	0	0	0	0	0	0	0	0	0	0	0	0	0	0	0	0	0	0	0	0	0	0	3	0	0	0	0	0	0	0	0	0	0	0	0	0	0	0	0	0	0	0	0	0	0	0	0	0	0	0	0	0	0	0	0	0	d__Eukaryota; p__Annelida; c__Clitellata; o__Haplotaxida; f__Naididae; g__Piguetiella; s__Piguetiella_blanci
Potamothrix_bavaricus	0	0	0	0	0	0	0	0	0	0	0	0	0	0	0	0	0	0	0	0	0	0	0	0	0	0	0	0	0	0	0	0	0	0	0	0	0	0	0	0	0	0	0	0	0	0	0	0	0	0	0	0	0	0	0	0	0	0	0	0	0	0	0	0	0	0	0	0	0	34	0	0	0	0	0	0	0	0	0	0	0	0	0	0	0	0	0	0	0	0	0	0	0	0	0	0	0	0	0	0	0	0	0	0	0	0	0	0	0	0	0	d__Eukaryota; p__Annelida; c__Clitellata; o__Haplotaxida; f__Naididae; g__Potamothrix; s__Potamothrix_bavaricus
Potamothrix_hammoniensis	0	0	0	0	0	0	0	0	0	0	0	0	0	0	0	0	0	0	0	0	0	0	0	0	0	0	0	0	0	0	0	0	3	0	0	0	0	0	0	0	0	0	0	0	0	0	0	0	0	0	0	0	0	0	0	0	0	0	0	0	0	0	0	0	0	0	0	0	0	0	0	0	0	0	0	0	0	6	0	0	0	0	0	0	0	0	0	0	0	0	0	0	0	0	0	0	0	0	0	0	0	0	0	0	0	0	0	0	0	0	0	d__Eukaryota; p__Annelida; c__Clitellata; o__Haplotaxida; f__Naididae; g__Potamothrix; s__Potamothrix_hammoniensis
Psammoryctides_barbatus	0	0	0	0	0	0	0	0	0	0	0	0	0	3	0	0	0	0	0	0	0	0	0	0	0	0	0	0	0	0	0	0	0	0	0	3	0	0	0	0	0	0	0	0	4	0	0	0	0	0	0	0	0	0	0	0	3	0	0	0	0	0	0	22	15	0	0	4	67	0	8	13	209	0	0	0	0	0	7	0	3	6	55	0	0	0	0	0	0	0	0	0	0	0	6	0	0	0	0	3	0	0	0	0	60	0	0	5	0	33	0	d__Eukaryota; p__Annelida; c__Clitellata; o__Haplotaxida; f__Naididae; g__Psammoryctides; s__Psammoryctides_barbatus
Rhyacodrilus_coccineus	0	0	0	0	0	0	0	0	0	0	0	0	0	0	0	0	0	0	0	0	0	0	0	0	0	0	0	0	0	0	0	0	0	0	3	0	0	0	0	0	0	0	0	514	50	0	67	18	0	0	0	0	108	0	234	12	0	7	61	0	0	0	0	811	129	0	0	0	24	0	0	0	217	0	0	0	0	0	33	0	0	0	0	0	0	40	20	0	0	0	27	0	0	76	37	0	0	9	0	0	0	0	57	0	0	0	0	0	0	0	0	d__Eukaryota; p__Annelida; c__Clitellata; o__Haplotaxida; f__Naididae; g__Rhyacodrilus; s__Rhyacodrilus_coccineus
Rhyacodrilus_falciformis	0	0	0	0	0	0	0	0	0	0	0	0	0	0	0	0	0	0	0	0	0	0	0	0	0	0	0	0	0	0	0	0	0	0	0	0	0	0	0	0	0	0	0	0	0	0	0	11	0	0	0	0	0	0	0	0	0	0	0	0	0	0	0	0	0	0	0	0	0	0	0	0	0	0	0	0	0	0	0	0	0	0	0	0	0	0	0	0	0	0	0	0	0	0	0	0	0	0	0	0	0	0	0	0	0	0	0	0	0	0	0	d__Eukaryota; p__Annelida; c__Clitellata; o__Haplotaxida; f__Naididae; g__Rhyacodrilus; s__Rhyacodrilus_falciformis
Slavina_appendiculata	0	0	0	0	0	0	0	0	0	0	0	0	0	0	0	0	0	0	0	0	0	0	0	0	0	0	0	0	0	0	0	0	0	0	0	0	0	0	0	0	0	0	0	0	0	0	0	0	0	3	0	0	0	0	0	0	0	0	0	0	0	0	0	0	0	0	0	0	0	0	0	0	0	0	0	0	0	0	0	0	0	0	0	0	0	0	0	0	0	0	0	0	0	0	0	0	0	0	0	0	0	0	32	0	0	0	0	0	0	0	0	d__Eukaryota; p__Annelida; c__Clitellata; o__Haplotaxida; f__Naididae; g__Slavina; s__Slavina_appendiculata
Spirosperma_ferox	0	0	0	0	0	0	0	0	0	0	0	0	0	0	0	0	0	0	0	0	0	0	0	0	12	0	0	0	0	0	0	0	0	0	0	0	0	3	0	0	0	0	0	3	0	0	0	0	0	0	0	0	0	0	0	0	0	0	0	0	0	0	0	0	0	0	0	0	0	0	0	0	0	0	0	0	0	0	0	0	0	0	0	0	0	0	0	0	0	0	0	0	0	0	0	0	0	0	0	0	0	0	0	0	0	0	0	0	0	0	0	d__Eukaryota; p__Annelida; c__Clitellata; o__Haplotaxida; f__Naididae; g__Spirosperma; s__Spirosperma_ferox
Stylaria_lacustris	0	0	0	0	0	0	0	0	0	0	0	3	0	0	29	0	29	0	0	0	0	7	3	4	0	0	11	22	12	3	41	106	64	0	12	0	260	106	32	23	18	35	0	18	31	39	15	25	3	64	0	37	0	67	0	3	20	95	6	173	32	0	99	82	64	19	7	6	3	28	6	8	61	22	0	0	0	228	16	0	0	0	172	38	101	57	0	27	11	0	3	16	3	14	20	6	0	3	29	47	0	61	78	0	0	0	0	4	25	0	0	d__Eukaryota; p__Annelida; c__Clitellata; o__Haplotaxida; f__Naididae; g__Stylaria; s__Stylaria_lacustris
Tubifex_tubifex	0	0	0	0	0	0	0	0	0	0	0	0	0	0	0	0	0	0	0	0	0	3	0	0	0	0	0	0	0	0	0	0	0	0	0	0	0	0	0	0	0	0	0	0	3	0	0	0	0	0	0	0	0	0	0	0	0	0	0	0	0	0	0	0	0	0	0	0	0	0	0	0	0	12	4	0	0	0	0	0	0	0	0	0	0	0	0	0	0	0	0	0	0	0	0	0	0	0	0	0	0	0	0	0	0	0	80	0	6	0	0	d__Eukaryota; p__Annelida; c__Clitellata; o__Haplotaxida; f__Naididae; g__Tubifex; s__Tubifex_tubifex
Lumbriculus_variegatus	0	0	0	0	0	0	0	0	0	0	0	0	0	0	0	0	0	0	0	0	0	0	0	0	0	3	0	0	6	6	0	3	0	0	0	0	5	3	0	14	8	13	0	0	49	13	0	0	0	6	0	0	0	0	0	3	0	0	18	0	0	0	9	3	38	0	19	0	16	0	0	0	0	0	0	0	0	53	19	0	0	0	0	117	0	17	11	0	0	0	0	102	0	0	0	0	0	0	0	0	0	6	69	0	0	0	0	0	0	0	0	d__Eukaryota; p__Annelida; c__Clitellata; o__Lumbriculida; f__Lumbriculidae; g__Lumbriculus; s__Lumbriculus_variegatus
Stylodrilus_heringianus	0	0	0	0	0	0	0	0	0	0	0	0	0	0	0	0	0	0	0	0	0	0	0	0	0	0	0	0	0	0	0	0	0	0	0	0	0	0	0	0	0	0	0	0	0	0	0	0	0	0	0	0	0	0	0	0	0	0	0	0	0	0	0	0	0	0	0	3	3	0	0	0	0	0	0	0	0	0	0	0	0	0	0	0	0	0	0	0	0	0	0	0	0	0	0	0	0	0	0	0	0	0	0	0	0	0	0	0	0	0	0	d__Eukaryota; p__Annelida; c__Clitellata; o__Lumbriculida; f__Lumbriculidae; g__Stylodrilus; s__Stylodrilus_heringianus
Sparganophilus_tamesis	0	0	0	0	0	0	0	0	0	0	0	0	0	0	0	0	0	0	0	0	0	0	0	0	0	0	0	0	0	0	0	0	0	0	0	0	3	6	0	0	7	4	0	0	0	0	0	0	0	0	0	0	0	0	0	0	0	7	0	0	0	0	0	0	0	0	0	24	3	0	0	0	3	0	0	0	0	0	38	0	0	0	0	56	6	0	0	0	0	0	0	0	0	0	0	0	0	0	0	0	0	4	0	0	0	0	0	0	0	0	0	d__Eukaryota; p__Annelida; c__Clitellata; o__Lumbriculida; f__Sparganophilidae; g__Sparganophilus; s__Sparganophilus_tamesis
Glossiphonia_complanata	0	0	0	0	0	0	0	0	0	0	0	0	0	0	0	0	0	0	0	0	0	0	0	0	0	0	0	0	0	0	7	0	0	0	0	0	17	0	0	6	0	0	0	1575	0	0	6	3	0	0	0	0	0	0	0	10	4	0	0	0	33	0	0	0	0	3	3	0	3	0	0	0	16	0	3	3	0	0	0	0	0	0	0	0	0	0	0	0	0	0	0	20	0	0	24	0	0	0	0	0	0	0	3	0	0	0	0	0	0	0	0	d__Eukaryota; p__Annelida; c__Clitellata; o__Rhynchobdellida; f__Glossiphoniidae; g__Glossiphonia; s__Glossiphonia_complanata
Helobdella_stagnalis	0	0	0	0	0	0	0	0	0	0	0	0	0	0	0	0	0	0	0	0	0	0	0	0	0	0	0	0	0	0	0	0	0	0	0	0	0	0	0	0	0	0	0	0	0	0	0	0	0	0	0	0	0	0	0	0	0	0	0	0	0	0	0	0	0	0	0	0	0	0	0	0	0	0	0	0	0	0	0	0	0	0	0	0	0	0	0	0	0	0	22	0	0	0	0	0	0	0	0	0	0	0	0	0	0	0	0	0	0	0	0	d__Eukaryota; p__Annelida; c__Clitellata; o__Rhynchobdellida; f__Glossiphoniidae; g__Helobdella; s__Helobdella_stagnalis
Daphnia_parvula	0	0	0	0	0	0	0	0	0	0	0	0	0	0	0	0	0	0	0	0	0	0	0	0	0	0	0	0	0	0	0	0	0	0	0	0	0	0	0	0	0	0	0	0	0	0	0	0	0	0	0	0	0	0	0	0	0	0	0	0	0	0	0	0	0	0	0	0	0	0	0	0	0	46	0	0	0	0	0	0	0	0	0	0	0	0	0	0	0	0	0	0	0	0	0	0	0	0	0	299	3	0	0	0	0	0	0	0	0	0	0	d__Eukaryota; p__Arthropoda; c__Branchiopoda; o__Diplostraca; f__Daphniidae; g__Daphnia; s__Daphnia_parvula
Eurycercus_lamellatus	0	0	0	0	0	0	0	0	0	0	0	0	0	0	0	0	0	0	0	0	0	0	0	0	0	0	0	0	0	0	184	18	17	0	0	28	0	0	0	0	0	0	0	0	0	0	0	0	0	0	0	0	0	0	0	0	0	0	0	0	0	0	0	0	0	0	0	0	0	0	0	0	0	0	0	0	0	0	0	0	0	0	0	0	0	0	0	0	0	0	0	0	0	0	0	0	0	0	0	0	0	0	0	0	0	0	0	0	0	0	0	d__Eukaryota; p__Arthropoda; c__Branchiopoda; o__Diplostraca; f__Eurycercidae; g__Eurycercus; s__Eurycercus_lamellatus
Diaphanosoma_brachyurum	0	0	0	0	0	0	0	0	0	0	0	0	0	0	110	36	0	0	0	0	0	0	0	0	0	0	0	0	0	0	0	0	0	0	0	0	0	0	0	0	0	0	0	0	0	0	0	0	0	0	0	0	0	0	0	0	0	0	0	0	0	0	0	0	0	0	0	0	0	0	0	0	0	0	0	0	0	0	0	0	0	0	0	0	0	0	0	0	0	0	0	0	0	0	0	0	0	0	0	21	15	0	0	0	0	0	0	0	0	0	0	d__Eukaryota; p__Arthropoda; c__Branchiopoda; o__Diplostraca; f__Sididae; g__Diaphanosoma; s__Diaphanosoma_brachyurum
Paracyclops_fimbriatus	0	0	0	0	0	0	0	0	0	0	0	0	0	0	0	0	0	0	0	0	0	0	0	0	0	0	0	0	0	0	0	0	0	0	0	0	0	0	0	0	0	0	0	0	0	0	0	0	0	0	0	0	0	0	0	0	0	0	0	0	0	0	0	0	0	0	0	3	0	0	0	0	0	0	0	0	0	0	0	0	8	13	0	0	0	0	0	0	0	0	0	0	0	0	0	0	0	0	0	0	16	0	0	0	0	0	0	0	0	4	0	d__Eukaryota; p__Arthropoda; c__Hexanauplia; o__Cyclopoida; f__Cyclopidae; g__Paracyclops; s__Paracyclops_fimbriatus
Hygrotus_impressopunctatus	0	0	0	0	0	0	0	0	0	0	0	0	0	0	0	0	0	0	0	0	0	0	0	0	0	0	0	0	0	0	0	0	0	0	0	0	0	0	0	0	0	0	0	0	0	0	0	0	0	0	0	0	0	0	0	0	0	0	0	0	0	0	0	0	0	0	0	0	0	0	0	0	0	0	0	0	0	0	0	0	0	0	0	0	0	0	0	0	0	0	0	0	0	0	132	0	0	0	0	0	0	0	0	0	0	0	0	0	0	0	0	d__Eukaryota; p__Arthropoda; c__Insecta; o__Coleoptera; f__Dytiscidae; g__Hygrotus; s__Hygrotus_impressopunctatus
Ilybius_fuliginosus	0	0	0	0	0	0	0	0	0	0	0	0	0	0	0	0	0	0	0	0	0	0	0	0	0	0	0	0	0	0	0	0	0	0	0	0	0	0	0	0	30	0	0	0	0	0	0	0	0	561	0	0	0	0	0	0	0	0	0	0	0	0	0	53	0	0	0	0	0	0	0	0	0	0	0	0	0	0	0	0	0	0	0	0	0	0	0	0	0	0	0	0	0	0	0	0	0	0	0	0	0	0	0	0	0	0	0	0	0	0	0	d__Eukaryota; p__Arthropoda; c__Insecta; o__Coleoptera; f__Dytiscidae; g__Ilybius; s__Ilybius_fuliginosus
Nebrioporus_depressus	0	0	0	0	0	0	0	0	0	0	0	0	0	0	0	0	0	0	0	0	0	0	0	0	0	0	0	0	0	0	237	82	68	0	0	0	369	28	0	40	28	0	0	0	0	0	0	0	0	0	0	0	0	0	0	0	0	0	0	0	0	0	0	0	0	0	0	0	0	0	0	0	0	0	0	0	0	0	0	0	0	0	0	0	0	0	0	0	0	0	0	0	0	0	0	0	11	214	0	0	0	0	0	0	0	0	0	0	0	0	0	d__Eukaryota; p__Arthropoda; c__Insecta; o__Coleoptera; f__Dytiscidae; g__Nebrioporus; s__Nebrioporus_depressus
Platambus_maculatus	0	0	0	0	0	0	0	0	0	0	0	0	0	0	0	0	0	0	0	0	0	0	0	0	0	0	0	0	0	0	0	0	0	0	0	0	0	0	0	0	0	0	0	0	0	6	0	0	0	0	0	0	0	0	0	0	0	0	0	0	0	0	0	0	0	5	0	28	0	0	0	0	0	0	0	0	0	0	10	0	0	0	0	0	0	0	0	0	0	0	0	0	0	0	0	0	0	0	0	0	0	0	0	0	0	0	0	0	0	0	0	d__Eukaryota; p__Arthropoda; c__Insecta; o__Coleoptera; f__Dytiscidae; g__Platambus; s__Platambus_maculatus
Elmis_aenea	0	0	0	0	0	0	0	0	0	0	0	0	0	0	0	0	0	0	0	0	0	388	0	0	0	0	0	0	0	0	0	0	0	0	0	0	0	0	0	0	0	0	0	0	0	0	0	0	0	0	0	0	0	424	0	0	182	0	0	543	0	0	0	0	0	240	0	0	260	0	0	0	0	196	0	0	0	0	230	0	64	0	0	132	0	83	0	0	0	0	0	0	0	62	0	0	0	0	0	0	0	0	0	0	0	0	0	0	0	0	0	d__Eukaryota; p__Arthropoda; c__Insecta; o__Coleoptera; f__Elmidae; g__Elmis; s__Elmis_aenea
Esolus_parallelepipedus	0	0	0	0	0	0	0	0	0	0	0	0	0	0	0	0	0	0	0	0	0	24	0	0	0	39	0	0	0	0	0	0	0	0	0	0	0	0	157	6	0	65	0	651	0	298	0	0	0	380	0	276	0	166	560	0	0	0	0	0	17	0	0	0	0	0	0	209	0	0	0	0	0	0	0	0	0	0	0	0	0	0	0	0	0	162	126	248	0	76	0	0	30	190	719	0	0	0	0	0	0	892	0	0	0	0	0	0	0	0	0	d__Eukaryota; p__Arthropoda; c__Insecta; o__Coleoptera; f__Elmidae; g__Esolus; s__Esolus_parallelepipedus
Limnius_volckmari	0	0	0	0	0	0	0	0	0	0	0	0	0	0	0	0	0	0	0	0	0	2323	1707	1378	814	376	0	53	0	144	0	0	0	0	0	0	0	0	0	0	1495	1652	0	3247	1690	3919	2220	5805	1973	2240	0	0	0	0	0	0	1195	4185	2854	0	5202	49	5579	0	1371	48	0	2566	2595	1528	0	0	1969	0	451	0	0	2466	766	0	0	0	0	749	470	335	0	0	0	1383	612	65	256	1904	408	112	4312	0	0	0	0	5695	4252	0	0	0	0	0	0	0	0	d__Eukaryota; p__Arthropoda; c__Insecta; o__Coleoptera; f__Elmidae; g__Limnius; s__Limnius_volckmari
Stenelmis_canaliculata	0	0	0	0	0	0	0	0	0	0	0	0	0	0	0	0	0	0	0	0	0	0	0	0	0	0	0	0	0	0	0	0	0	0	0	65	0	0	0	0	0	0	0	0	0	0	0	0	0	0	0	0	0	0	0	0	0	0	0	0	0	0	0	0	0	0	0	0	0	0	0	0	0	0	0	0	0	0	0	0	0	0	0	0	0	0	0	0	0	0	0	0	0	0	0	0	0	0	0	0	0	0	0	0	0	0	0	0	0	0	0	d__Eukaryota; p__Arthropoda; c__Insecta; o__Coleoptera; f__Elmidae; g__Stenelmis; s__Stenelmis_canaliculata
Gyrinus_marinus	0	0	0	0	0	0	0	0	0	0	0	0	0	0	0	0	0	0	0	0	0	0	0	0	0	0	0	0	0	0	0	0	0	0	0	0	0	0	0	0	0	0	0	0	0	0	0	0	0	0	0	0	0	0	0	0	0	0	0	0	0	0	0	0	0	0	0	0	0	0	0	0	0	0	0	0	0	0	0	0	0	0	0	0	0	0	0	0	0	136	0	0	0	0	0	0	0	0	0	0	0	0	0	0	0	0	0	0	0	0	0	d__Eukaryota; p__Arthropoda; c__Insecta; o__Coleoptera; f__Gyrinidae; g__Gyrinus; s__Gyrinus_marinus
Orectochilus_villosus	0	0	0	0	0	0	0	0	0	0	0	0	0	0	0	0	0	0	0	0	0	0	0	0	0	331	0	0	0	0	0	0	0	0	0	0	0	0	0	0	0	330	0	2148	4686	533	366	501	398	263	0	646	61	86	0	0	0	0	545	1919	0	0	1639	0	0	794	494	0	0	0	0	0	0	0	0	0	0	0	115	0	0	0	0	0	0	0	0	0	0	73	0	0	0	0	0	815	0	0	0	0	0	0	1006	0	0	0	0	0	0	0	0	d__Eukaryota; p__Arthropoda; c__Insecta; o__Coleoptera; f__Gyrinidae; g__Orectochilus; s__Orectochilus_villosus
Contacyphon_coarctatus	0	0	0	0	0	0	0	0	0	0	0	0	0	0	0	0	0	0	0	0	0	0	0	0	0	0	0	0	0	0	0	0	0	0	0	0	0	0	0	0	0	0	0	0	0	0	0	0	0	0	0	239	0	0	0	0	0	0	0	0	0	0	0	0	0	0	0	0	0	0	0	0	0	0	0	0	0	0	24	0	0	0	0	0	0	0	0	0	0	0	0	0	0	0	0	0	0	0	0	0	0	0	0	0	0	0	0	0	0	0	0	d__Eukaryota; p__Arthropoda; c__Insecta; o__Coleoptera; f__Scirtidae; g__Contacyphon; s__Contacyphon_coarctatus
Contacyphon_padi	0	0	0	0	0	0	0	0	0	0	0	0	0	0	0	0	0	0	0	0	0	0	0	0	0	0	0	0	0	0	0	0	0	0	0	0	0	0	0	0	0	0	0	0	0	0	0	0	0	0	0	0	0	0	0	0	0	0	0	0	0	0	0	0	0	0	0	0	0	0	0	0	0	0	0	0	0	77	0	0	0	0	0	0	0	0	0	0	0	0	0	0	0	0	0	0	0	0	0	0	0	0	0	0	0	0	0	0	0	0	0	d__Eukaryota; p__Arthropoda; c__Insecta; o__Coleoptera; f__Scirtidae; g__Contacyphon; s__Contacyphon_padi
Calliphora_vicina	0	69620	0	349092	0	327149	0	356238	0	378270	0	0	0	0	0	0	0	3	0	0	0	0	0	0	0	0	0	0	0	0	0	0	0	0	0	0	0	0	0	0	16	0	0	0	0	0	0	0	0	0	0	0	0	0	0	5119	0	0	0	0	0	3	0	0	0	0	0	0	0	35	0	0	0	417	0	0	0	0	0	0	0	0	0	0	0	189	0	0	0	0	0	0	0	0	0	0	0	0	0	10	0	0	0	0	0	0	0	0	0	0	0	d__Eukaryota; p__Arthropoda; c__Insecta; o__Diptera; f__Calliphoridae; g__Calliphora; s__Calliphora_vicina
Calliphora_vomitoria	0	0	0	0	0	0	0	0	0	0	0	0	0	0	0	0	0	0	0	0	0	4003	3573	2665	0	0	0	7204	5687	15620	0	718	178	104	0	0	0	0	0	0	0	0	0	0	5723	6313	4585	995	4001	7369	0	0	0	0	0	896	1242	7242	7349	17735	4829	345	5303	1496	0	0	0	6097	5761	2916	0	2147	169	946	0	933	68	0	0	0	0	1316	0	861	718	142	0	498	0	0	0	0	201	0	462	0	0	0	0	0	0	0	0	0	0	0	0	0	0	0	0	d__Eukaryota; p__Arthropoda; c__Insecta; o__Diptera; f__Calliphoridae; g__Calliphora; s__Calliphora_vomitoria
Culicoides_chiopterus	0	0	0	0	0	0	0	0	0	0	0	0	0	0	0	0	0	0	0	0	0	0	0	0	0	0	0	0	0	0	0	0	0	0	0	0	0	0	0	0	0	0	0	0	0	0	0	0	0	0	0	0	0	1082	0	0	0	0	0	0	0	0	0	0	0	0	1646	0	0	0	0	0	0	0	0	0	0	0	0	0	0	0	0	0	0	0	0	0	0	0	0	0	0	0	0	0	0	68	0	0	0	0	0	0	0	0	0	0	0	0	0	d__Eukaryota; p__Arthropoda; c__Insecta; o__Diptera; f__Ceratopogonidae; g__Culicoides; s__Culicoides_chiopterus
Ablabesmyia_monilis	0	0	0	0	0	0	0	0	0	0	0	0	0	0	0	0	0	0	0	0	0	0	0	0	586	0	0	0	0	0	372	458	0	0	0	0	0	0	0	0	3	0	0	0	170	2534	671	2061	6455	338	0	0	0	0	0	0	0	826	0	0	533	0	395	844	0	0	0	0	0	788	0	0	0	0	0	0	0	0	0	0	0	0	0	0	0	79	0	271	112	0	0	0	0	0	0	0	0	0	0	10022	0	0	0	0	0	0	0	0	800	0	0	d__Eukaryota; p__Arthropoda; c__Insecta; o__Diptera; f__Chironomidae; g__Ablabesmyia; s__Ablabesmyia_monilis
Chironomus_nuditarsis	0	0	0	0	0	0	0	0	0	0	0	0	0	19	0	0	0	0	0	0	0	0	0	0	0	0	0	0	0	0	0	31	0	0	3	0	0	0	0	0	0	0	0	0	0	0	0	0	0	0	0	0	0	0	0	0	0	0	0	0	0	0	0	0	0	0	0	0	0	0	0	0	0	0	0	0	0	0	0	0	0	0	0	0	0	0	0	0	0	0	0	0	0	0	0	0	0	64	0	64	0	0	0	0	0	113	0	0	0	0	0	d__Eukaryota; p__Arthropoda; c__Insecta; o__Diptera; f__Chironomidae; g__Chironomus; s__Chironomus_nuditarsis
Cryptochironomus_obreptans	0	0	0	0	0	0	0	0	0	0	0	0	0	0	0	0	0	0	0	0	0	0	0	0	0	0	0	0	0	0	0	0	0	0	0	0	0	0	0	0	0	0	0	0	0	0	0	0	0	0	0	0	0	0	0	0	0	0	0	0	0	0	0	0	0	0	0	0	0	0	0	0	0	0	0	0	0	0	0	0	0	0	0	0	0	0	0	0	0	0	0	0	0	0	0	0	0	0	0	12	0	0	0	0	0	10	0	0	0	0	0	d__Eukaryota; p__Arthropoda; c__Insecta; o__Diptera; f__Chironomidae; g__Cryptochironomus; s__Cryptochironomus_obreptans
Endochironomus_albipennis	0	0	0	0	0	0	0	0	0	0	0	0	0	0	0	0	0	0	0	0	0	0	0	0	0	0	0	0	0	0	0	0	0	0	0	0	0	0	0	0	0	0	0	0	0	0	0	0	0	0	0	0	0	0	0	0	0	0	0	0	0	0	0	0	0	0	0	0	0	0	0	0	0	0	0	0	0	0	0	0	0	0	0	0	0	0	0	0	0	0	0	0	0	0	0	0	0	0	0	0	55	0	0	0	0	1403	0	0	0	0	7742	d__Eukaryota; p__Arthropoda; c__Insecta; o__Diptera; f__Chironomidae; g__Endochironomus; s__Endochironomus_albipennis
Heterotanytarsus_apicalis	0	0	0	0	0	0	0	0	0	0	0	0	0	0	0	0	0	0	0	0	0	0	0	0	0	0	0	0	0	0	0	0	0	0	0	0	0	0	0	0	0	0	0	0	0	0	0	0	0	0	0	0	0	0	0	0	0	0	0	0	0	0	0	0	283	0	0	0	0	0	0	0	0	0	0	0	0	0	0	0	0	0	0	0	0	0	0	0	0	0	0	0	0	0	0	0	0	0	0	0	0	682	0	0	0	0	0	0	0	0	0	d__Eukaryota; p__Arthropoda; c__Insecta; o__Diptera; f__Chironomidae; g__Heterotanytarsus; s__Heterotanytarsus_apicalis
Macropelopia_nebulosa	0	0	0	0	0	0	0	0	0	0	0	0	0	0	0	0	0	0	0	0	0	0	0	0	0	0	0	0	0	0	0	0	0	0	0	0	0	0	0	0	0	0	0	0	0	0	0	0	0	0	0	0	0	0	0	0	0	0	0	0	0	0	0	0	0	0	0	0	0	0	160	0	0	0	0	0	0	144	0	0	0	0	0	0	0	0	0	155	0	0	0	0	63	281	558	0	0	0	0	0	0	0	1101	0	0	0	0	0	0	0	0	d__Eukaryota; p__Arthropoda; c__Insecta; o__Diptera; f__Chironomidae; g__Macropelopia; s__Macropelopia_nebulosa
Microtendipes_chloris	0	0	0	0	0	0	0	0	0	0	0	0	0	0	0	0	0	0	0	174	0	0	0	0	0	0	0	0	0	0	0	28	54	0	0	0	0	0	0	0	0	0	0	0	0	0	0	0	0	0	0	0	0	0	0	0	0	0	0	0	0	0	0	0	0	0	0	0	0	0	0	0	0	0	0	0	0	0	0	0	0	0	0	0	0	0	0	0	0	0	0	0	0	0	0	0	0	0	0	0	0	0	0	0	0	0	0	0	0	0	0	d__Eukaryota; p__Arthropoda; c__Insecta; o__Diptera; f__Chironomidae; g__Microtendipes; s__Microtendipes_chloris
Procladius_sagittalis	0	0	0	0	0	0	0	0	0	0	0	0	0	0	0	0	0	0	0	0	220	0	0	0	0	0	0	0	0	0	43	0	0	4	0	0	45	0	0	0	0	0	0	0	0	0	0	0	0	0	0	0	0	0	0	0	0	0	0	0	0	0	0	15	0	0	0	0	0	0	0	0	0	0	0	0	0	0	0	0	0	0	0	0	0	0	0	0	0	0	0	0	0	0	0	0	0	0	0	0	0	0	0	0	0	0	0	0	0	0	0	d__Eukaryota; p__Arthropoda; c__Insecta; o__Diptera; f__Chironomidae; g__Procladius; s__Procladius_sagittalis
Tanytarsus_bathophilus	0	0	0	0	0	0	0	0	0	0	0	0	0	0	19	0	0	0	0	789	0	272	104	533	112	189	131	292	413	562	312	676	209	6	15	13	426	842	80	755	103	378	0	532	20	206	0	0	88	0	0	0	0	0	0	0	0	0	350	0	280	0	155	134	1016	82	0	85	341	218	0	215	346	0	0	50	0	105	79	0	0	3	0	277	173	21	193	424	237	38	235	171	30	99	172	0	160	214	28	45	159	0	0	0	45	461	1173	406	97	288	0	d__Eukaryota; p__Arthropoda; c__Insecta; o__Diptera; f__Chironomidae; g__Tanytarsus; s__Tanytarsus_bathophilus
Culex_pipiens	0	0	0	0	0	0	0	0	0	0	0	0	0	0	8	0	0	0	0	0	0	102	44	142	0	0	0	0	0	0	0	0	0	0	0	0	0	0	0	0	0	0	0	0	0	0	0	0	0	0	0	0	0	0	0	0	0	0	0	0	0	0	0	0	432	0	0	0	0	0	0	0	0	0	0	0	0	0	0	0	0	0	0	0	0	0	0	0	0	0	0	0	0	0	0	0	0	0	0	121	0	0	0	0	0	0	0	0	0	0	0	d__Eukaryota; p__Arthropoda; c__Insecta; o__Diptera; f__Culicidae; g__Culex; s__Culex_pipiens
Culex_torrentium	0	0	0	0	0	0	0	0	0	0	0	0	0	0	0	0	0	0	0	0	0	27	33	4	0	0	0	0	0	0	0	0	0	0	0	0	0	0	0	0	0	0	0	0	0	0	0	0	0	0	0	0	0	0	0	0	0	0	0	0	0	0	0	0	0	0	0	0	0	0	0	0	0	0	0	0	0	0	0	0	0	0	0	0	0	0	0	0	0	0	0	0	0	0	0	0	0	0	0	0	0	0	0	0	0	0	0	0	0	0	0	d__Eukaryota; p__Arthropoda; c__Insecta; o__Diptera; f__Culicidae; g__Culex; s__Culex_torrentium
Helina_lasiophthalma	0	0	0	0	0	0	0	0	0	0	0	0	0	0	0	0	0	0	0	0	0	0	0	0	0	0	0	0	0	0	0	0	0	0	0	0	0	0	0	0	0	0	0	37	0	0	17	0	0	53	0	43	0	0	0	0	0	0	0	0	0	0	0	0	0	0	44	0	0	0	0	0	0	0	0	0	0	0	0	0	0	0	0	0	0	0	0	0	0	0	0	0	0	6	0	0	0	0	0	0	0	0	0	0	0	0	0	0	0	0	0	d__Eukaryota; p__Arthropoda; c__Insecta; o__Diptera; f__Muscidae; g__Helina; s__Helina_lasiophthalma
Hydrotaea_dentipes	0	0	0	0	0	0	0	0	0	0	0	0	0	0	0	0	0	0	0	0	0	0	0	0	0	0	0	0	0	0	0	0	0	0	0	0	0	0	0	0	0	0	0	0	0	0	0	0	0	0	0	0	265	297	0	0	0	0	0	0	0	0	0	0	0	0	0	0	0	0	0	0	0	0	0	0	0	0	0	0	0	0	0	0	0	0	0	0	0	0	0	0	0	0	0	0	0	0	0	0	0	0	0	0	0	0	0	0	0	0	0	d__Eukaryota; p__Arthropoda; c__Insecta; o__Diptera; f__Muscidae; g__Hydrotaea; s__Hydrotaea_dentipes
Parapiophila_vulgaris	0	0	0	0	0	0	0	0	0	0	0	0	0	0	0	0	0	0	0	0	0	0	0	0	0	0	0	0	0	0	0	0	0	0	0	0	0	0	0	0	0	0	0	0	0	0	0	0	0	0	0	0	0	0	0	0	0	0	0	0	309	0	0	0	0	0	0	0	0	0	0	0	0	0	0	0	0	0	0	0	0	0	0	0	0	0	0	0	0	0	0	0	0	0	0	0	0	0	0	0	0	0	0	0	0	0	0	0	0	0	0	d__Eukaryota; p__Arthropoda; c__Insecta; o__Diptera; f__Piophilidae; g__Parapiophila; s__Parapiophila_vulgaris
Pollenia_rudis	0	0	0	0	0	0	0	0	0	0	0	0	0	0	0	0	0	0	0	0	0	0	0	0	0	0	0	0	0	0	369	0	0	0	0	0	0	0	0	0	0	0	0	0	0	0	172	0	0	0	0	0	0	270	0	0	0	0	0	0	0	0	0	0	0	0	0	0	0	0	0	0	0	0	0	0	0	0	0	0	0	0	0	0	0	0	0	0	0	0	0	0	0	0	0	0	0	0	0	0	0	0	322	0	0	0	0	0	0	0	0	d__Eukaryota; p__Arthropoda; c__Insecta; o__Diptera; f__Polleniidae; g__Pollenia; s__Pollenia_rudis
Sarcophaga_carnaria	0	0	0	0	0	0	0	0	0	0	0	0	0	0	0	0	0	0	0	0	0	0	0	0	0	0	0	0	0	0	0	260	0	0	0	0	0	0	0	0	0	0	0	0	0	0	0	0	0	0	0	0	0	0	0	0	0	0	0	0	0	0	0	0	0	0	0	0	0	0	0	0	0	0	0	0	0	0	0	0	0	0	0	0	55	0	0	0	0	0	0	0	0	18	0	107	0	0	0	0	0	0	292	0	0	0	220	0	0	0	0	d__Eukaryota; p__Arthropoda; c__Insecta; o__Diptera; f__Sarcophagidae; g__Sarcophaga; s__Sarcophaga_carnaria
Simulium_equinum	0	0	0	0	0	0	0	0	0	0	0	0	0	0	0	0	0	0	0	0	0	0	0	6	0	4	62	6	0	0	0	0	0	0	0	0	3	0	0	9	0	0	0	0	0	0	0	0	0	3	0	0	3	0	0	0	0	0	3	3	0	0	9	3	0	0	0	0	7	5	0	0	0	0	0	0	0	0	0	0	3	29	0	25	0	3	60	62	20	0	0	0	0	0	0	0	0	0	0	0	0	0	0	0	0	0	3	0	0	0	0	d__Eukaryota; p__Arthropoda; c__Insecta; o__Diptera; f__Simuliidae; g__Simulium; s__Simulium_equinum
Simulium_erythrocephalum	0	0	0	0	0	0	0	0	0	0	0	0	0	0	0	0	0	0	0	0	0	0	0	0	0	0	0	0	0	0	0	0	0	0	0	0	0	0	0	0	0	0	0	0	0	0	0	0	0	0	0	0	0	0	0	0	0	0	0	0	0	0	0	0	0	0	0	0	0	0	0	0	0	0	0	0	0	0	0	0	0	0	0	0	0	0	0	0	0	0	0	0	0	0	0	0	71	0	0	0	0	0	0	0	0	0	0	0	0	0	0	d__Eukaryota; p__Arthropoda; c__Insecta; o__Diptera; f__Simuliidae; g__Simulium; s__Simulium_erythrocephalum
Simulium_juxtacrenobium	0	0	0	0	0	0	0	0	0	0	0	0	0	0	0	0	0	0	0	0	0	0	0	0	0	0	0	0	0	0	0	0	0	0	0	0	0	0	0	0	0	0	0	0	0	0	0	0	0	0	0	0	0	0	0	0	0	0	0	0	0	0	0	0	0	0	0	0	0	0	0	0	0	0	0	0	0	55	0	0	0	0	0	0	0	0	0	0	0	0	0	0	0	0	0	0	0	0	0	0	0	0	0	0	0	0	0	0	0	0	0	d__Eukaryota; p__Arthropoda; c__Insecta; o__Diptera; f__Simuliidae; g__Simulium; s__Simulium_juxtacrenobium
Simulium_lineatum	0	0	0	0	0	0	0	0	0	0	0	0	0	0	0	0	0	0	0	0	0	3645	4569	3253	2795	6921	15950	4856	3082	6784	188	2516	1197	9	0	0	12121	13410	2281	17518	9423	12860	0	450	5866	6137	3466	1128	0	2001	0	6508	5404	5055	1585	2000	822	8430	5967	475	6782	213	2121	10067	2704	1707	2313	0	980	556	3605	0	865	275	222	0	32	3318	1357	0	0	0	0	3737	2353	2404	7690	10118	13090	12237	7609	8911	5578	13508	12470	34477	36103	30491	0	0	0	144	1737	0	341	564	233	0	0	0	0	d__Eukaryota; p__Arthropoda; c__Insecta; o__Diptera; f__Simuliidae; g__Simulium; s__Simulium_lineatum
Simulium_noelleri	0	0	0	0	0	0	0	0	0	0	0	0	0	0	0	0	0	0	0	0	0	0	0	0	0	0	0	0	0	57	0	11	0	0	0	0	13	0	0	1051	543	757	0	0	125	0	0	0	0	0	0	0	0	0	0	0	30	90	0	0	73	0	0	0	84	0	97	0	0	135	0	103	51	0	0	0	0	0	0	0	0	0	0	259	19	0	0	0	10	0	0	0	0	0	0	0	0	0	7	0	5	0	0	0	0	110	0	0	0	0	0	d__Eukaryota; p__Arthropoda; c__Insecta; o__Diptera; f__Simuliidae; g__Simulium; s__Simulium_noelleri
Simulium_ornatum	0	0	0	0	0	0	0	0	0	0	0	0	0	0	0	0	0	0	0	0	0	0	0	0	0	0	0	0	0	0	0	0	0	0	0	0	0	0	0	0	0	0	0	0	0	0	0	0	0	0	0	0	0	0	0	0	0	0	0	0	0	0	0	0	0	0	0	0	3	3	0	0	0	0	0	0	0	0	0	0	0	0	0	0	0	0	0	0	0	11	0	0	0	0	0	0	0	0	0	0	0	0	0	0	0	0	0	0	0	0	0	d__Eukaryota; p__Arthropoda; c__Insecta; o__Diptera; f__Simuliidae; g__Simulium; s__Simulium_ornatum
Simulium_reptans	0	0	0	0	0	0	0	0	0	0	0	0	0	0	0	0	0	0	0	0	0	960	3354	759	1104	2077	3900	1556	1200	1800	77	49	81	0	0	0	284	636	133	3487	2090	2776	0	383	107	0	0	0	0	0	0	144	0	521	0	0	0	0	3	0	0	0	3	174	133	78	94	0	0	0	0	0	0	0	0	0	0	483	23	0	0	0	85	0	0	132	2820	5075	4560	916	780	1497	136	201	1263	3805	3167	1812	0	0	0	235	295	0	0	0	0	0	0	0	0	d__Eukaryota; p__Arthropoda; c__Insecta; o__Diptera; f__Simuliidae; g__Simulium; s__Simulium_reptans
Simulium_trifasciatum	0	0	0	0	0	0	0	0	0	0	0	0	0	0	0	0	0	0	0	0	0	3	0	0	0	0	0	0	0	0	0	0	0	0	0	0	0	0	0	0	0	0	0	0	0	0	0	0	0	0	0	0	0	0	0	0	0	0	0	0	0	0	0	0	0	0	0	0	0	0	0	0	0	0	0	0	0	0	0	0	0	0	0	0	0	0	0	0	0	0	0	0	0	0	0	0	0	0	0	0	0	0	0	0	0	0	0	0	0	0	0	d__Eukaryota; p__Arthropoda; c__Insecta; o__Diptera; f__Simuliidae; g__Simulium; s__Simulium_trifasciatum
Simulium_urbanum	0	0	0	0	0	0	0	0	0	0	0	0	0	0	0	0	0	0	0	0	0	0	0	0	0	0	0	0	0	0	0	0	0	0	0	0	0	0	0	0	0	0	0	0	0	0	0	0	0	0	0	0	0	0	0	0	0	0	0	0	0	0	0	0	0	0	2858	0	0	0	0	0	0	0	0	0	0	0	0	0	0	0	0	0	0	0	0	0	0	0	0	0	0	0	0	0	0	0	0	0	0	0	0	0	0	0	0	0	0	0	0	d__Eukaryota; p__Arthropoda; c__Insecta; o__Diptera; f__Simuliidae; g__Simulium; s__Simulium_urbanum
Simulium_vernum	0	0	0	0	0	0	0	0	0	0	0	0	0	0	0	0	0	0	0	0	0	0	0	0	0	0	0	0	0	0	0	0	0	0	0	0	0	0	0	0	0	0	0	0	0	0	0	0	0	0	0	0	0	6	0	0	0	0	0	0	0	0	0	0	69	0	0	0	0	0	0	0	0	0	0	0	0	0	0	0	0	0	0	0	0	0	0	0	0	0	0	0	0	0	0	0	0	0	0	0	0	0	0	0	0	0	0	0	0	0	0	d__Eukaryota; p__Arthropoda; c__Insecta; o__Diptera; f__Simuliidae; g__Simulium; s__Simulium_vernum
Platycheirus_nielseni	0	0	0	0	0	0	0	0	0	0	0	0	0	0	0	0	0	0	0	0	0	0	0	0	0	0	0	0	0	0	0	0	0	0	0	0	0	0	0	0	0	0	0	0	0	0	0	0	0	0	0	0	0	0	0	0	0	0	0	0	0	0	0	0	0	0	0	0	0	0	0	0	0	0	0	0	0	0	58	0	0	0	0	0	0	0	0	0	0	0	0	0	0	0	0	0	0	0	0	0	0	0	0	0	0	0	0	0	0	0	0	d__Eukaryota; p__Arthropoda; c__Insecta; o__Diptera; f__Syrphidae; g__Platycheirus; s__Platycheirus_nielseni
Baetis_fuscatus	0	0	0	0	0	0	0	0	0	0	0	0	0	0	0	0	0	0	0	0	0	0	0	0	0	0	3	0	11	0	19	19	13	0	0	0	0	4	0	0	0	0	0	0	0	0	0	0	0	0	0	0	0	0	0	0	0	0	0	0	0	0	0	0	0	0	0	0	0	0	0	0	0	0	0	0	0	0	0	0	0	0	0	0	0	0	33	34	58	0	0	0	0	0	0	0	0	0	0	0	0	0	0	0	0	0	0	0	0	0	0	d__Eukaryota; p__Arthropoda; c__Insecta; o__Ephemeroptera; f__Baetidae; g__Baetis; s__Baetis_fuscatus
Baetis_rhodani	0	0	0	0	0	0	0	0	0	0	0	0	0	0	0	0	0	0	0	0	0	1208	1421	674	0	0	0	0	381	0	0	75	6	62	0	597	413	0	366	0	0	0	0	6542	1330	2428	2782	2238	4524	4752	0	2166	0	2761	547	37	1190	3346	16074	4242	2053	62	1710	2031	3546	2788	1898	0	1851	84	0	5494	652	692	26	594	5	1892	593	0	535	0	0	207	1199	368	2585	1154	2590	0	0	11	97	291	1134	0	530	0	0	0	1419	3353	4042	0	0	0	0	0	0	0	0	d__Eukaryota; p__Arthropoda; c__Insecta; o__Ephemeroptera; f__Baetidae; g__Baetis; s__Baetis_rhodani
Cloeon_dipterum	0	0	0	0	0	0	0	0	0	0	0	0	9	0	0	0	0	0	0	0	0	0	0	0	0	0	0	0	0	0	0	0	0	0	0	0	0	0	0	0	0	0	0	0	0	0	0	0	0	0	0	0	0	0	0	0	0	0	0	0	0	0	0	0	0	0	0	0	0	0	0	0	0	0	0	0	0	0	0	0	0	0	0	0	0	0	0	0	0	0	0	0	0	0	0	0	0	0	0	0	0	0	0	0	0	0	0	0	0	0	0	d__Eukaryota; p__Arthropoda; c__Insecta; o__Ephemeroptera; f__Baetidae; g__Cloeon; s__Cloeon_dipterum
Brachycercus_harrisella	0	0	0	0	0	0	0	0	0	0	0	0	0	0	0	0	0	0	0	0	0	0	0	0	0	0	0	0	0	0	0	0	0	0	0	0	0	0	0	0	0	0	0	0	0	0	0	0	0	0	0	0	0	0	0	0	0	0	0	0	0	0	0	0	0	0	0	0	0	0	0	0	0	0	0	0	0	0	0	0	0	0	0	0	0	0	0	0	0	0	0	0	0	0	21	23	0	0	0	0	0	0	0	0	0	0	0	0	0	0	0	d__Eukaryota; p__Arthropoda; c__Insecta; o__Ephemeroptera; f__Caenidae; g__Brachycercus; s__Brachycercus_harrisella
Caenis_horaria	0	0	0	0	0	0	0	0	0	0	0	0	0	0	0	0	0	0	0	6	0	0	0	0	0	0	0	0	0	0	0	0	0	0	0	0	0	0	0	0	0	0	0	0	0	4	0	0	0	0	0	0	0	0	0	0	0	0	0	0	0	0	0	0	0	63	0	0	0	0	0	0	0	0	0	0	0	0	0	0	0	0	0	0	0	0	0	0	0	0	0	0	0	0	0	0	0	0	0	0	0	0	0	0	0	0	0	0	0	0	0	d__Eukaryota; p__Arthropoda; c__Insecta; o__Ephemeroptera; f__Caenidae; g__Caenis; s__Caenis_horaria
Caenis_pusilla	0	0	0	0	0	0	0	0	0	0	0	0	0	0	0	0	0	0	0	0	0	58	0	3	15	53	56	163	0	61	0	80	0	0	0	0	0	0	0	54	53	0	0	0	4438	3330	1189	2117	944	1197	0	0	0	0	364	970	821	3419	4635	772	1218	107	801	1449	0	0	0	202	255	895	0	261	680	657	72	903	4	0	0	0	0	394	0	116	219	239	304	0	756	0	0	0	0	0	0	0	0	271	0	0	0	0	0	0	0	0	0	0	0	0	0	d__Eukaryota; p__Arthropoda; c__Insecta; o__Ephemeroptera; f__Caenidae; g__Caenis; s__Caenis_pusilla
Serratella_ignita	0	0	0	0	0	0	0	0	0	0	0	0	0	0	0	0	0	0	0	0	0	3	0	0	0	0	0	0	0	3	0	0	0	0	0	0	0	0	0	3	3	0	0	0	0	0	0	0	0	0	0	0	0	0	0	0	0	0	0	0	0	0	0	0	0	0	0	0	0	0	0	0	0	0	0	0	0	0	0	0	0	0	0	14	0	0	0	20	0	29	0	0	0	0	0	12	0	3	0	0	0	0	0	0	0	0	0	0	0	0	0	d__Eukaryota; p__Arthropoda; c__Insecta; o__Ephemeroptera; f__Ephemerellidae; g__Serratella; s__Serratella_ignita
Ephemera_danica	0	0	0	0	0	0	0	0	0	0	0	0	0	0	0	0	0	0	0	0	0	0	0	0	0	0	0	0	0	0	0	0	0	0	0	0	0	0	0	0	0	0	0	0	6	0	0	0	0	0	0	0	0	0	0	0	0	7	9	0	3	0	3	0	3	0	0	0	0	0	0	0	0	0	0	0	0	60	0	0	0	17	0	0	102	0	0	0	0	0	0	0	0	0	0	0	0	0	0	0	0	7	0	0	0	0	0	0	0	0	0	d__Eukaryota; p__Arthropoda; c__Insecta; o__Ephemeroptera; f__Ephemeridae; g__Ephemera; s__Ephemera_danica
Heptagenia_sulphurea	0	0	0	0	0	0	0	0	0	0	0	0	0	0	0	0	0	0	0	0	0	3	0	0	0	4	0	32	9	3	4	0	0	0	0	0	0	0	0	0	0	0	0	0	3	27	4	31	0	34	0	0	0	3	0	0	0	3	52	0	3	0	0	26	0	0	0	4	0	3	0	0	48	13	0	10	0	22	27	0	0	0	0	140	6	18	0	46	10	0	3	0	0	0	0	3	0	4	0	0	0	0	0	0	0	0	0	0	0	24	0	d__Eukaryota; p__Arthropoda; c__Insecta; o__Ephemeroptera; f__Heptageniidae; g__Heptagenia; s__Heptagenia_sulphurea
Rhithrogena_germanica	0	0	0	0	0	0	0	0	0	0	0	0	0	0	0	0	0	0	0	0	0	0	0	0	0	0	0	0	0	0	0	0	0	0	0	0	0	0	0	0	0	0	0	76	0	0	0	0	0	0	0	0	16	4	0	0	0	0	0	0	0	0	0	108	33	32	82	0	0	0	0	0	0	0	0	0	0	254	0	0	0	0	0	90	38	0	0	0	0	0	0	0	0	0	0	37	0	0	0	0	0	179	22	0	0	0	0	0	0	0	0	d__Eukaryota; p__Arthropoda; c__Insecta; o__Ephemeroptera; f__Heptageniidae; g__Rhithrogena; s__Rhithrogena_germanica
Rhithrogena_semicolorata	0	0	0	0	0	0	0	0	0	0	0	0	0	0	0	0	0	0	0	0	0	0	0	0	0	0	0	0	0	0	0	0	0	0	0	0	0	0	0	0	0	0	0	3	0	0	0	0	0	0	0	0	0	3	0	0	0	0	0	0	0	0	0	0	34	21	0	0	0	0	0	0	61	0	0	0	0	0	15	0	0	0	0	0	0	0	0	0	0	0	0	0	0	0	0	0	0	0	0	0	0	188	7	0	0	0	0	0	0	0	0	d__Eukaryota; p__Arthropoda; c__Insecta; o__Ephemeroptera; f__Heptageniidae; g__Rhithrogena; s__Rhithrogena_semicolorata
Paraleptophlebia_submarginata	0	0	0	0	0	0	0	0	0	0	0	0	0	0	0	0	0	0	0	0	0	0	0	0	0	0	0	0	0	0	0	0	0	0	0	0	0	0	0	0	0	0	0	23	0	0	0	0	0	0	0	13	0	0	0	0	0	0	0	0	0	0	0	9	0	0	0	0	0	0	0	0	0	0	0	0	0	0	0	0	0	0	0	0	0	0	0	0	0	0	0	0	0	0	0	0	0	0	0	0	0	6	82	0	0	0	0	0	0	0	0	d__Eukaryota; p__Arthropoda; c__Insecta; o__Ephemeroptera; f__Leptophlebiidae; g__Paraleptophlebia; s__Paraleptophlebia_submarginata
Sialis_lutaria	0	0	0	0	0	0	0	0	0	0	0	0	0	0	0	0	0	0	0	0	0	0	0	0	0	0	0	0	0	0	17	11	0	0	54	0	0	0	0	0	0	0	0	0	0	0	0	0	0	0	0	0	0	0	3	0	0	0	0	0	0	0	0	0	0	0	0	0	0	0	0	0	0	36	44	0	0	0	0	0	0	0	0	0	0	0	3	0	0	0	0	0	0	27	26	0	0	6	0	0	0	0	0	0	0	0	0	0	115	0	0	d__Eukaryota; p__Arthropoda; c__Insecta; o__Megaloptera; f__Sialidae; g__Sialis; s__Sialis_lutaria
Sialis_nigripes	0	0	0	0	0	0	0	0	0	0	0	0	0	0	0	0	0	0	0	0	0	0	0	0	0	0	0	0	0	0	0	0	0	0	0	0	0	0	0	0	0	0	0	0	0	0	0	0	0	0	0	551	0	0	0	0	0	0	0	0	0	0	0	3	578	452	0	0	0	0	0	0	0	0	0	0	0	0	0	0	0	0	0	0	0	0	0	0	0	0	0	0	0	0	0	0	344	0	0	0	0	563	327	0	0	0	0	0	0	0	0	d__Eukaryota; p__Arthropoda; c__Insecta; o__Megaloptera; f__Sialidae; g__Sialis; s__Sialis_nigripes
Sisyra_terminalis	0	0	0	0	0	0	0	0	0	0	0	0	47	0	0	0	0	0	0	0	0	0	0	0	136	0	52	343	470	0	472	612	237	7	0	654	0	0	0	0	83	0	0	0	0	0	287	0	199	0	0	0	0	0	0	0	0	0	0	0	0	0	0	0	0	0	0	0	0	0	0	0	0	0	0	0	0	0	0	0	0	0	0	0	0	0	78	40	581	0	0	0	0	0	381	0	0	0	589	115	0	0	0	0	0	201	0	0	0	0	0	d__Eukaryota; p__Arthropoda; c__Insecta; o__Neuroptera; f__Sisyridae; g__Sisyra; s__Sisyra_terminalis
Leuctra_fusca	0	0	0	0	0	0	0	0	0	0	0	0	0	0	0	0	0	0	0	0	0	0	0	0	0	0	0	0	87	0	0	0	0	0	0	0	23	0	0	0	0	0	0	1269	236	0	0	0	0	0	0	57	16	490	0	0	0	0	883	0	0	0	149	146	211	374	146	0	0	0	0	0	0	0	0	143	0	106	189	0	0	0	0	0	8	0	0	10	0	0	0	0	93	722	990	337	1537	345	0	0	0	506	456	0	0	0	0	0	0	0	0	d__Eukaryota; p__Arthropoda; c__Insecta; o__Plecoptera; f__Leuctridae; g__Leuctra; s__Leuctra_fusca
Leuctra_hippopus	0	0	0	0	0	0	0	0	0	0	0	0	0	0	0	0	0	0	0	0	0	0	0	0	0	0	0	0	0	0	0	0	0	0	0	0	0	0	0	0	0	0	0	0	7	0	0	0	0	0	0	0	0	0	0	0	0	0	0	0	0	0	0	0	54	0	0	0	0	0	0	0	0	0	0	0	0	0	15	0	0	0	0	0	10	0	0	0	0	0	0	0	0	0	0	0	0	0	0	0	0	24	0	0	0	0	0	0	0	0	0	d__Eukaryota; p__Arthropoda; c__Insecta; o__Plecoptera; f__Leuctridae; g__Leuctra; s__Leuctra_hippopus
Amphinemura_sulcicollis	0	0	0	0	0	0	0	0	0	0	0	0	0	0	0	0	0	0	0	0	0	0	0	0	0	0	0	0	0	0	0	0	0	0	0	0	0	0	0	0	0	0	0	50	0	0	0	0	0	0	0	0	0	0	0	0	0	0	0	0	0	0	0	0	0	0	0	0	0	0	0	0	0	0	0	0	0	0	0	0	0	0	0	0	0	0	0	0	0	0	0	0	0	0	0	0	0	3	0	0	0	0	4	0	0	0	0	0	0	0	0	d__Eukaryota; p__Arthropoda; c__Insecta; o__Plecoptera; f__Nemouridae; g__Amphinemura; s__Amphinemura_sulcicollis
Nemoura_avicularis	0	0	0	0	0	0	0	0	0	0	0	0	0	0	0	0	0	0	0	0	0	0	0	0	0	0	0	0	0	0	0	0	0	0	0	0	0	0	0	0	0	0	0	0	0	0	0	0	0	0	0	0	0	0	0	0	0	0	0	0	0	0	0	0	0	147	0	0	0	0	0	0	0	0	0	0	0	0	0	0	191	0	0	0	39	33	0	0	0	0	0	0	0	0	0	0	0	0	0	0	0	0	0	0	0	0	0	0	0	0	0	d__Eukaryota; p__Arthropoda; c__Insecta; o__Plecoptera; f__Nemouridae; g__Nemoura; s__Nemoura_avicularis
Nemurella_pictetii	0	0	0	0	0	0	0	0	0	0	0	0	0	0	0	0	0	0	0	0	0	0	0	0	0	0	0	0	0	0	0	0	0	0	0	0	0	0	0	0	0	0	0	1998	0	0	0	0	0	0	0	0	0	0	0	0	0	0	0	0	0	0	0	0	0	0	0	0	0	0	0	0	0	0	0	0	0	0	0	0	0	0	0	0	0	0	0	0	0	0	0	0	0	0	0	0	0	0	0	0	0	0	0	0	0	0	0	0	0	0	0	d__Eukaryota; p__Arthropoda; c__Insecta; o__Plecoptera; f__Nemouridae; g__Nemurella; s__Nemurella_pictetii
Protonemura_meyeri	0	0	0	0	0	0	0	0	0	0	0	0	0	0	0	0	0	0	0	0	0	0	0	0	0	0	0	0	0	0	0	0	0	0	0	0	0	0	0	0	0	0	0	98	0	0	0	0	0	0	0	0	14	0	0	0	0	0	0	0	0	0	0	0	136	0	0	0	0	0	0	0	0	0	0	0	0	0	0	0	0	0	0	0	0	0	0	0	0	0	0	0	0	0	0	0	0	0	0	0	0	11	0	0	0	0	0	0	0	0	0	d__Eukaryota; p__Arthropoda; c__Insecta; o__Plecoptera; f__Nemouridae; g__Protonemura; s__Protonemura_meyeri
Isoperla_grammatica	0	0	0	0	0	0	0	0	0	0	0	0	0	0	0	0	0	0	0	0	0	0	0	0	0	0	0	0	0	0	0	0	0	0	0	0	0	0	0	0	0	0	0	375	0	0	0	0	0	0	0	410	0	0	0	0	0	0	0	0	0	0	0	0	0	0	146	0	0	0	0	0	0	0	0	0	0	0	6	0	0	0	0	0	142	0	0	0	0	0	0	0	0	0	0	0	0	0	0	0	0	71	95	0	0	0	0	0	0	0	0	d__Eukaryota; p__Arthropoda; c__Insecta; o__Plecoptera; f__Perlodidae; g__Isoperla; s__Isoperla_grammatica
Brachycentrus_subnubilus	0	0	0	0	0	0	0	0	0	0	0	0	0	0	0	0	0	0	0	0	0	0	0	0	0	0	0	0	0	0	0	0	3	0	0	0	0	0	0	0	0	0	0	0	0	0	0	0	0	0	0	0	0	0	0	0	0	7	0	0	0	0	0	6	0	0	0	0	0	0	0	0	0	0	3	0	0	0	0	0	0	0	0	0	0	0	0	0	0	0	0	3	0	0	9	0	0	0	0	0	0	0	0	0	0	0	0	0	0	0	0	d__Eukaryota; p__Arthropoda; c__Insecta; o__Trichoptera; f__Brachycentridae; g__Brachycentrus; s__Brachycentrus_subnubilus
Goera_pilosa	0	0	0	0	0	0	0	0	0	0	0	0	0	0	0	0	0	0	0	0	0	0	0	0	0	0	0	0	0	0	0	0	0	0	0	0	0	0	0	0	0	0	0	0	0	0	0	0	0	0	0	0	0	0	0	0	0	0	0	0	0	0	0	0	3	0	0	0	0	0	0	0	7	0	0	0	0	0	0	0	0	0	0	0	0	0	0	0	0	0	0	0	0	0	0	0	0	0	0	0	0	0	0	0	0	0	0	0	0	0	0	d__Eukaryota; p__Arthropoda; c__Insecta; o__Trichoptera; f__Goeridae; g__Goera; s__Goera_pilosa
Silo_pallipes	0	0	0	0	0	0	0	0	0	0	0	0	0	0	0	0	0	0	0	0	0	0	0	0	0	0	0	0	0	0	0	0	0	0	0	0	0	0	0	0	0	0	0	104	0	0	0	0	0	0	0	0	0	0	0	0	0	0	0	0	0	0	0	0	0	0	0	0	0	0	0	0	0	0	0	0	0	0	0	0	0	0	0	0	0	0	0	0	0	0	0	0	0	0	0	0	0	0	0	0	0	0	0	0	0	0	0	0	0	0	0	d__Eukaryota; p__Arthropoda; c__Insecta; o__Trichoptera; f__Goeridae; g__Silo; s__Silo_pallipes
Hydropsyche_contubernalis	0	0	0	0	0	0	0	0	0	0	0	0	0	0	0	0	0	0	0	0	0	0	0	0	0	0	0	0	0	0	0	0	0	0	0	0	0	0	0	0	0	0	0	0	0	0	0	0	0	0	0	0	0	0	0	0	0	0	0	0	0	0	0	0	0	0	0	0	0	0	0	0	0	0	0	0	0	0	0	0	0	0	0	0	3	0	0	0	0	0	0	0	0	0	0	0	0	0	0	0	0	0	0	0	0	0	0	0	0	0	0	d__Eukaryota; p__Arthropoda; c__Insecta; o__Trichoptera; f__Hydropsychidae; g__Hydropsyche; s__Hydropsyche_contubernalis
Hydroptila_lotensis	0	0	0	0	0	0	0	0	0	0	0	0	0	0	0	0	0	0	0	0	0	3	5	0	0	0	0	3	9	3	0	0	0	0	0	0	0	0	0	0	0	3	0	0	0	0	0	0	0	0	0	0	0	0	0	0	0	0	0	0	0	0	0	0	0	0	0	0	0	0	0	0	0	0	0	0	0	0	0	0	0	0	0	0	0	0	0	0	0	0	0	0	0	0	0	0	0	0	0	0	0	0	0	0	0	0	0	0	0	0	0	d__Eukaryota; p__Arthropoda; c__Insecta; o__Trichoptera; f__Hydroptilidae; g__Hydroptila; s__Hydroptila_lotensis
Crunoecia_irrorata	0	0	0	0	0	0	0	0	0	0	0	0	0	0	0	0	0	0	0	0	0	0	0	0	0	0	0	0	0	0	0	0	0	0	0	0	0	0	0	0	0	0	0	0	0	0	0	0	0	0	0	0	0	0	0	0	0	0	0	0	0	0	0	3313	0	0	0	0	0	0	0	0	0	0	0	0	0	0	0	0	0	0	0	0	0	0	0	0	0	0	0	0	0	0	0	0	0	0	0	0	0	0	0	0	0	0	0	0	0	0	0	d__Eukaryota; p__Arthropoda; c__Insecta; o__Trichoptera; f__Lepidostomatidae; g__Crunoecia; s__Crunoecia_irrorata
Lepidostoma_hirtum	0	0	0	0	0	0	0	0	0	0	0	0	0	0	0	0	0	0	0	0	0	259	422	122	0	197	2101	0	0	0	127	116	187	0	0	0	0	0	0	0	469	93	0	2301	7022	9731	2438	6203	8271	3565	0	3865	1415	279	3319	850	0	5656	8529	339	3454	3	2976	5148	2156	7270	1615	3410	3999	502	1583	0	51	236	0	76	0	675	176	0	192	0	0	3212	1022	164	52	42	0	0	91	0	14	187	137	713	0	608	0	0	0	361	1993	0	0	0	0	0	0	0	0	d__Eukaryota; p__Arthropoda; c__Insecta; o__Trichoptera; f__Lepidostomatidae; g__Lepidostoma; s__Lepidostoma_hirtum
Athripsodes_cinereus	0	0	0	0	0	0	0	0	0	0	0	0	0	0	0	0	0	0	0	0	0	0	0	0	0	0	0	0	0	0	0	0	0	0	0	0	0	0	0	0	0	0	0	0	0	3	0	0	0	0	0	0	0	0	0	0	0	0	0	0	0	0	0	0	0	0	0	0	0	0	0	0	0	0	3	0	0	0	0	0	0	0	0	0	0	0	0	0	0	0	0	0	0	0	0	0	0	0	0	0	0	0	0	0	0	0	0	0	0	0	0	d__Eukaryota; p__Arthropoda; c__Insecta; o__Trichoptera; f__Leptoceridae; g__Athripsodes; s__Athripsodes_cinereus
Ceraclea_nigronervosa	0	0	0	0	0	0	0	0	0	0	0	0	0	0	0	0	0	0	0	0	0	0	0	0	0	0	0	0	0	16	0	37	0	0	0	0	171	66	6	0	0	0	0	0	0	0	0	75	0	0	0	0	0	0	27	0	19	0	91	0	0	0	0	0	0	0	0	0	167	41	0	0	0	11	0	0	0	0	0	0	28	0	0	0	0	0	0	0	0	24	85	62	0	0	0	0	0	51	0	0	0	0	0	0	0	0	0	0	0	58	0	d__Eukaryota; p__Arthropoda; c__Insecta; o__Trichoptera; f__Leptoceridae; g__Ceraclea; s__Ceraclea_nigronervosa
Anabolia_nervosa	0	0	0	0	0	0	0	0	0	0	0	0	0	0	0	0	0	0	0	0	0	0	0	0	0	0	0	0	0	0	0	0	0	0	0	0	0	0	0	0	0	0	0	3	0	0	0	0	0	0	0	0	0	0	0	0	0	0	0	0	6	0	0	0	6	0	230	0	0	0	0	0	0	0	0	0	0	0	92	0	0	0	0	0	0	0	0	0	0	0	0	0	0	6	0	0	0	0	0	0	0	0	23	0	0	0	0	4	0	0	0	d__Eukaryota; p__Arthropoda; c__Insecta; o__Trichoptera; f__Limnephilidae; g__Anabolia; s__Anabolia_nervosa
Chaetopteryx_villosa	0	0	0	0	0	0	0	0	0	0	0	0	0	0	0	0	0	0	0	0	0	0	0	0	0	0	0	0	0	0	0	0	0	0	0	0	0	0	0	0	0	0	0	0	0	0	0	0	0	0	0	0	0	0	0	0	0	0	0	0	0	0	0	0	0	0	0	0	0	0	0	0	6	0	0	0	0	0	0	0	0	0	0	0	0	0	0	0	0	0	0	0	0	0	0	0	0	0	0	0	0	0	0	0	0	0	0	0	0	0	0	d__Eukaryota; p__Arthropoda; c__Insecta; o__Trichoptera; f__Limnephilidae; g__Chaetopteryx; s__Chaetopteryx_villosa
Glyphotaelius_pellucidus	0	0	0	0	0	0	0	0	0	0	0	0	0	0	0	0	0	0	0	0	0	0	0	0	0	0	0	0	0	0	0	0	0	0	0	0	0	0	0	0	0	0	0	40	57	0	0	0	0	0	0	0	0	0	0	0	0	0	0	0	0	0	0	0	0	0	0	0	120	0	0	0	0	0	0	0	0	0	0	0	0	0	39	0	0	32	0	0	0	0	0	0	0	0	0	0	0	0	0	0	0	202	0	0	0	0	0	0	0	0	0	d__Eukaryota; p__Arthropoda; c__Insecta; o__Trichoptera; f__Limnephilidae; g__Glyphotaelius; s__Glyphotaelius_pellucidus
Halesus_radiatus	0	0	0	0	0	0	0	0	0	0	0	0	0	0	0	0	0	0	0	0	0	0	0	0	0	0	0	0	0	0	0	0	0	0	0	0	0	0	0	0	0	0	0	0	0	0	0	0	0	0	0	0	0	0	0	0	0	0	0	0	0	0	0	0	0	0	6	0	0	0	0	0	0	0	0	0	0	0	0	0	0	0	0	0	0	0	0	0	0	0	0	0	0	3	0	0	0	0	0	0	0	4	0	0	0	0	0	0	0	0	0	d__Eukaryota; p__Arthropoda; c__Insecta; o__Trichoptera; f__Limnephilidae; g__Halesus; s__Halesus_radiatus
Limnephilus_auricula	0	0	0	0	0	0	0	0	0	0	0	0	0	0	0	0	0	0	0	0	0	0	0	0	0	0	0	0	0	0	0	0	0	0	0	0	0	0	0	0	0	0	0	0	0	0	0	0	0	0	0	0	0	0	0	0	0	0	0	0	0	0	0	0	0	0	0	0	0	0	0	0	0	0	0	0	0	0	0	0	0	0	0	0	0	0	0	0	0	0	0	0	0	0	0	0	3	0	0	0	0	0	0	0	0	0	0	0	0	0	0	d__Eukaryota; p__Arthropoda; c__Insecta; o__Trichoptera; f__Limnephilidae; g__Limnephilus; s__Limnephilus_auricula
Limnephilus_marmoratus	0	0	0	0	0	0	0	0	0	0	0	0	0	0	0	0	0	0	0	0	0	0	0	0	0	0	0	0	0	0	0	0	0	0	0	0	0	0	0	0	0	0	0	0	0	0	0	0	0	0	0	0	0	0	0	13	0	0	0	0	0	0	0	0	0	0	0	0	0	0	0	0	0	0	0	0	0	0	0	0	90	0	0	0	0	0	0	0	0	0	0	0	0	0	0	0	0	0	0	0	0	0	0	0	0	0	0	0	0	0	0	d__Eukaryota; p__Arthropoda; c__Insecta; o__Trichoptera; f__Limnephilidae; g__Limnephilus; s__Limnephilus_marmoratus
Potamophylax_latipennis	0	0	0	0	0	0	0	0	0	0	0	0	0	0	0	0	0	0	0	0	0	0	0	0	0	0	0	0	0	0	0	0	0	0	0	0	0	0	0	0	0	0	0	3	0	0	0	0	0	0	0	0	0	0	0	0	0	3	0	0	0	0	0	9	3	0	6	19	0	0	0	0	0	0	0	0	0	3	0	0	6	0	0	0	32	9	0	0	0	0	0	0	0	0	0	0	0	0	0	0	0	47	4	0	0	0	0	0	0	0	0	d__Eukaryota; p__Arthropoda; c__Insecta; o__Trichoptera; f__Limnephilidae; g__Potamophylax; s__Potamophylax_latipennis
Potamophylax_rotundipennis	0	0	0	0	0	0	0	0	0	0	0	0	0	0	0	0	0	0	0	0	0	0	0	0	0	0	0	0	0	0	0	0	0	0	0	0	0	0	0	0	0	0	0	0	0	0	0	0	0	0	0	0	0	0	0	0	0	0	0	0	0	0	0	0	23	0	0	0	0	0	0	0	0	0	0	0	0	0	0	0	0	0	0	0	0	0	0	0	0	0	0	0	0	0	0	0	0	0	0	0	0	0	30	0	0	0	0	0	0	0	0	d__Eukaryota; p__Arthropoda; c__Insecta; o__Trichoptera; f__Limnephilidae; g__Potamophylax; s__Potamophylax_rotundipennis
Stenophylax_permistus	0	0	0	0	0	0	0	0	0	0	0	0	0	0	0	0	0	0	0	0	0	0	0	0	0	0	0	0	0	0	0	0	0	0	0	0	0	0	0	0	0	0	0	0	0	0	0	0	0	0	0	0	0	0	0	0	0	0	0	0	0	0	0	0	0	0	0	0	0	0	0	0	0	0	0	0	0	0	0	0	0	0	0	0	0	0	0	0	0	0	0	0	3	0	0	0	0	0	0	0	0	0	0	0	0	0	0	0	0	0	0	d__Eukaryota; p__Arthropoda; c__Insecta; o__Trichoptera; f__Limnephilidae; g__Stenophylax; s__Stenophylax_permistus
Molanna_angustata	0	0	0	0	0	0	0	0	0	0	0	0	0	0	0	0	0	0	0	0	0	0	0	0	0	0	0	0	0	0	0	0	0	0	0	0	0	0	0	0	0	0	0	0	0	0	0	3	0	0	0	0	0	0	0	0	0	0	0	0	0	0	3	8	0	0	0	0	0	26	0	0	0	50	0	0	0	41	0	0	0	0	0	0	0	0	0	0	0	0	0	0	0	0	0	0	3	0	0	0	0	25	0	0	0	0	0	0	0	0	0	d__Eukaryota; p__Arthropoda; c__Insecta; o__Trichoptera; f__Molannidae; g__Molanna; s__Molanna_angustata
Odontocerum_albicorne	0	0	0	0	0	0	0	0	0	0	0	0	0	0	0	0	0	0	0	0	0	0	0	0	0	0	0	0	0	0	0	0	0	0	0	0	0	0	0	0	0	0	0	0	0	0	0	0	0	0	0	0	0	27	0	0	0	0	0	0	0	0	0	0	0	0	64	0	0	0	0	0	0	0	0	0	0	0	0	0	0	0	0	0	0	0	0	0	0	0	0	0	0	0	0	0	0	0	0	0	0	16	0	0	0	0	0	0	0	0	0	d__Eukaryota; p__Arthropoda; c__Insecta; o__Trichoptera; f__Odontoceridae; g__Odontocerum; s__Odontocerum_albicorne
Philopotamus_montanus	0	0	0	0	0	0	0	0	0	0	0	0	0	0	0	0	0	0	0	0	0	0	0	0	0	0	0	0	0	0	0	0	0	0	0	0	0	0	0	0	0	0	0	0	0	0	0	0	0	0	0	0	0	0	0	0	0	0	0	0	0	0	0	0	0	0	0	0	0	0	0	0	0	0	0	0	0	14	0	0	0	0	0	45	0	0	0	0	0	0	0	0	0	0	0	0	0	0	0	0	0	0	0	0	0	0	0	0	0	0	0	d__Eukaryota; p__Arthropoda; c__Insecta; o__Trichoptera; f__Philopotamidae; g__Philopotamus; s__Philopotamus_montanus
Dikerogammarus_haemobaphes	0	0	0	0	0	0	0	0	0	0	0	0	0	0	0	0	0	0	0	0	0	0	0	0	0	0	0	0	0	0	0	0	0	0	0	0	0	0	0	0	0	0	0	0	0	0	0	0	0	0	0	0	0	0	0	0	4	0	0	0	0	0	0	0	0	0	0	0	0	0	0	0	0	0	0	0	0	0	0	0	0	0	0	0	0	0	0	0	0	0	0	0	0	0	0	0	0	0	0	0	0	0	0	0	0	0	0	0	0	0	0	d__Eukaryota; p__Arthropoda; c__Malacostraca; o__Amphipoda; f__Gammaridae; g__Dikerogammarus; s__Dikerogammarus_haemobaphes
Pacifastacus_leniusculus	0	0	0	0	0	0	0	0	0	0	0	0	0	0	0	0	0	0	0	0	0	146	61	54	0	0	227	0	33	0	0	27	18	0	0	0	0	0	0	0	0	0	0	0	0	7	0	0	0	3	0	112	31	0	0	0	0	0	0	0	0	0	78	0	0	0	0	0	0	0	0	139	0	0	0	0	0	0	0	0	0	0	0	0	20	0	16	0	0	0	0	0	0	0	0	0	0	0	0	0	0	0	0	0	0	0	0	0	0	0	0	d__Eukaryota; p__Arthropoda; c__Malacostraca; o__Decapoda; f__Astacidae; g__Pacifastacus; s__Pacifastacus_leniusculus
Cypridopsis_vidua	0	0	0	0	0	0	0	0	0	0	0	0	0	0	0	0	0	0	0	0	0	0	0	0	0	0	0	0	0	0	0	0	12	0	0	0	0	0	0	0	3	0	0	0	0	0	0	0	0	0	0	0	0	0	0	0	0	0	0	24	0	0	0	0	0	0	0	0	0	0	0	0	0	0	0	0	0	129	0	0	0	0	0	55	0	0	0	0	0	0	0	0	0	14	0	0	0	0	0	0	11	100	31	0	0	0	0	0	0	0	0	d__Eukaryota; p__Arthropoda; c__Ostracoda; o__Podocopida; f__Cyprididae; g__Cypridopsis; s__Cypridopsis_vidua
Anodonta_anatina	0	0	0	0	0	0	0	0	0	0	0	0	16	734	85	126	136	0	0	0	3	933	532	380	292	454	616	2022	589	836	18041	15333	10331	587	933	1057	48	14	10	787	629	944	0	0	504	447	499	1117	508	134	0	0	0	0	331	124	66	452	320	58	211	8	287	495	0	0	0	165	344	238	144	823	402	135	44	90	0	0	43	0	305	47	205	58	6	28	1500	2020	2675	162	95	6	0	0	0	0	35	6	1693	2015	622	0	80	0	4636	6352	1424	272	148	634	110	d__Eukaryota; p__Mollusca; c__Bivalvia; o__Unionida; f__Unionidae; g__Anodonta; s__Anodonta_anatina
Pseudanodonta_complanata	0	0	0	0	0	0	0	0	0	0	0	0	0	0	14	0	0	0	0	0	0	0	3	0	0	0	0	0	0	0	0	0	0	3	0	16	3	0	0	4	0	0	0	0	10	4	0	0	0	0	0	6	0	0	0	9	8	82	60	3	3	0	39	18	10	0	0	0	0	6	0	47	55	20	0	42	0	56	0	0	0	0	0	0	0	23	141	99	56	3	28	68	0	28	20	142	52	52	0	17	0	0	0	0	3	9	0	3	7	0	0	d__Eukaryota; p__Mollusca; c__Bivalvia; o__Unionida; f__Unionidae; g__Pseudanodonta; s__Pseudanodonta_complanata
Unio_pictorum	0	0	0	0	0	0	0	0	0	0	0	0	0	0	0	0	0	0	0	3	22	0	0	0	0	3	3	42	0	42	78	26	107	44	3	19	0	0	0	34	16	3	0	0	3	3	0	0	0	0	0	0	0	0	0	0	0	0	0	0	0	0	0	12	0	20	0	0	16	0	0	0	0	41	3	0	0	0	0	0	0	9	0	0	25	0	15	16	25	0	0	0	25	27	77	35	6	26	3	81	7	4	0	0	5	0	41	0	3	33	0	d__Eukaryota; p__Mollusca; c__Bivalvia; o__Unionida; f__Unionidae; g__Unio; s__Unio_pictorum
Unio_tumidus	0	0	0	0	0	0	0	0	0	0	0	0	0	0	0	0	0	0	0	0	0	0	0	0	0	0	0	0	0	0	0	0	0	0	0	0	0	0	0	0	0	0	0	0	0	0	0	0	0	0	0	0	0	0	0	0	0	0	0	0	0	0	0	0	0	0	0	0	0	0	0	0	0	0	0	0	0	0	0	0	0	22	0	0	0	0	0	0	0	0	0	0	0	0	0	0	0	0	0	0	0	0	0	0	0	0	0	0	0	0	24	d__Eukaryota; p__Mollusca; c__Bivalvia; o__Unionida; f__Unionidae; g__Unio; s__Unio_tumidus
Ampullaceana_balthica	0	0	0	0	0	0	0	0	0	0	0	0	0	0	0	0	0	0	0	0	0	0	0	0	0	0	0	0	0	19	0	0	0	0	0	0	20	14	0	29	38	17	0	5	0	8	0	0	16	6	0	28	34	0	3	6	15	0	3	0	7	0	24	11	0	169	0	3	3	35	106	0	3	6	0	35	0	12	3	0	0	27	0	42	42	35	6	23	9	0	0	0	0	0	0	13	39	20	0	0	0	20	13	0	3	3	6	0	0	34	0	d__Eukaryota; p__Mollusca; c__Gastropoda; o__unknown; f__Lymnaeidae; g__Ampullaceana; s__Ampullaceana_balthica
Radix_auricularia	0	0	0	0	0	0	0	0	0	0	0	0	0	0	0	0	0	0	0	0	0	0	0	0	0	0	0	0	0	0	0	0	7	0	0	0	63	16	0	0	0	0	0	0	0	0	0	0	6	8	0	8	16	0	0	0	0	0	0	0	0	0	0	30	15	0	20	0	0	0	3	0	0	0	0	0	0	90	3	0	0	0	0	80	20	16	0	0	0	15	6	0	0	0	0	3	3	0	0	0	0	11	38	0	0	0	0	0	0	0	0	d__Eukaryota; p__Mollusca; c__Gastropoda; o__unknown; f__Lymnaeidae; g__Radix; s__Radix_auricularia
Physella_acuta	0	0	0	0	0	0	0	0	0	0	0	0	0	0	0	0	0	0	0	0	0	0	0	0	0	0	0	0	0	0	0	0	0	0	0	0	0	0	0	0	0	0	0	0	0	0	0	0	0	0	0	0	0	0	0	0	0	0	0	0	0	0	12	0	0	0	0	0	0	6	61	13	0	0	0	0	0	0	0	0	48	18	99	23	65	3	0	0	0	0	0	0	0	0	0	0	0	0	0	0	0	0	44	0	0	0	0	0	7	0	0	d__Eukaryota; p__Mollusca; c__Gastropoda; o__unknown; f__Physidae; g__Physella; s__Physella_acuta
Lucilia	0	0	0	0	0	0	0	0	0	0	0	0	0	0	0	0	0	0	0	0	0	0	0	0	0	0	0	0	0	0	0	0	0	0	0	0	0	0	0	0	0	0	0	0	0	0	0	193	0	0	0	0	0	0	0	0	0	0	0	0	0	0	0	53	0	0	0	0	0	0	0	0	0	0	0	0	0	0	0	0	0	0	0	0	0	0	0	0	0	0	0	0	0	0	0	0	0	0	0	0	0	0	0	0	0	0	0	0	0	0	0	d__Eukaryota; p__Arthropoda; c__Insecta; o__Diptera; f__Calliphoridae; g__Lucilia
Simulium	0	0	0	0	0	0	0	0	0	0	0	42	0	0	0	0	0	0	0	0	1489	371	85	8	12	253	0	99	38	118	450	24	44	3	490	0	18	0	0	0	20	0	0	77	515	0	0	10	0	49	0	0	794	0	0	0	0	0	0	618	0	0	0	0	14	39	0	61	0	10	0	0	87	0	0	0	0	129	38	0	0	0	0	0	57	3	61	3	0	8	4	0	9	34	0	435	368	0	985	123	0	721	63	0	1927	902	70	0	568	0	408	d__Eukaryota; p__Arthropoda; c__Insecta; o__Diptera; f__Simuliidae; g__Simulium
Chironomidae	0	0	0	0	0	0	0	0	0	0	0	0	0	0	0	0	0	0	0	0	0	0	0	0	0	0	0	0	0	0	0	0	0	0	0	0	0	0	0	0	0	0	0	0	0	0	0	0	0	0	0	0	0	0	0	0	0	0	0	0	0	0	0	0	0	0	0	0	0	0	0	0	0	0	0	0	0	0	0	0	0	0	0	0	0	0	0	0	0	0	0	299	48	3	145	0	0	0	0	0	0	0	0	0	0	0	0	0	0	0	0	d__Eukaryota; p__Arthropoda; c__Insecta; o__Diptera; f__Chironomidae
Diptera	0	0	0	0	0	0	0	0	0	0	0	0	0	0	0	0	0	0	0	0	0	0	0	0	0	0	0	0	0	0	0	0	0	0	0	0	0	0	0	0	0	0	0	0	0	0	0	0	0	0	0	0	0	0	0	0	0	0	0	0	0	0	0	0	0	0	0	0	0	0	0	0	0	0	0	0	0	153	0	0	0	0	0	0	0	0	0	0	0	0	0	0	0	0	0	0	0	0	0	0	0	0	0	0	0	0	0	0	0	0	0	d__Eukaryota; p__Arthropoda; c__Insecta; o__Diptera
unassigned	0	2199	0	28	0	65	0	175	0	39	20	5776	173522	8665	68015	27549	37230	8	3	25828	61358	101300	60772	57071	23989	35567	83786	176398	83486	89562	86688	82151	50587	338438	27585	21008	89753	106737	110482	85305	58633	82656	0	62693	95156	67344	40587	70783	57972	49835	0	30917	33721	40171	33376	30691	14468	59399	117962	30625	50397	2143	99113	143028	129639	61049	69791	21217	36801	30456	20108	28533	38806	38916	13192	36535	1552	27999	15156	0	10240	7905	10263	42478	26167	14322	40503	50641	57078	26060	18294	26357	39648	122017	177640	124621	125605	109235	167031	173040	236179	66585	53898	0	108613	36520	68770	52992	35904	26862	41041	u__unassigned
