#OTU_ID,taxonomy,Order,EB01,T1-A1,T1-A2,T1-A3,T2-A1,T2-A2,T2-A3,S1-A1,S1-A2,S1-A3,S2-A1,S2-A2,S2-A3,S3-A1,S3-A2,S3-A3,S4-A1,S4-A2,S4-A3,S5-A1,S5-A2,S5-A3,EB02,S1-B1,S1-B2,S1-B3,S2-B1,S2-B2,S2-B3,S3-B1,S3-B2,S3-B3,S4-B1,S4-B2,S4-B3,S5-B1,S5-B2,S5-B3,EB03,T1-B1,T1-B2,T1-B3,T2-B1,T2-B2,T2-B3,EB04,NC01,NC02,NC03,NC04,NC05,NC06,NC07,PC01,PC02,PC03,PC04,PC05,PC06,PC07
Eiseniella_tetraedra,d__Eukaryota; p__Annelida; c__Clitellata; o__Crassiclitellata; f__Lumbricidae; g__Eiseniella; s__Eiseniella_tetraedra,Crassiclitellata,0,0,0,0,0,0,0,0,0,0,0,0,0,0,0,0,0,0,0,0,0,0,0,0,0,0,0,0,0,0,0,0,0,0,0,0,3,0,0,0,0,0,0,0,0,0,0,0,0,0,0,0,0,0,0,0,0,0,0,0
Lumbricus_rubellus,d__Eukaryota; p__Annelida; c__Clitellata; o__Crassiclitellata; f__Lumbricidae; g__Lumbricus; s__Lumbricus_rubellus,Crassiclitellata,0,0,0,0,0,0,0,0,0,0,0,3,71,0,0,0,0,0,0,0,0,3,0,0,0,0,0,0,0,0,0,0,0,0,0,0,0,21,0,0,0,0,0,0,0,0,0,0,0,0,0,0,0,0,0,0,0,0,0,0
Octolasion_cyaneum,d__Eukaryota; p__Annelida; c__Clitellata; o__Crassiclitellata; f__Lumbricidae; g__Octolasion; s__Octolasion_cyaneum,Crassiclitellata,0,0,0,0,0,0,0,0,0,0,0,0,0,0,0,0,0,0,0,0,0,0,0,0,0,0,0,0,0,0,0,0,0,0,0,0,0,0,0,0,0,0,0,0,25,0,0,0,0,0,0,0,0,0,0,0,0,0,0,0
Chamaedrilus_glandulosus,d__Eukaryota; p__Annelida; c__Clitellata; o__Enchytraeida; f__Enchytraeidae; g__Chamaedrilus; s__Chamaedrilus_glandulosus,Enchytraeida,0,0,0,0,0,0,0,0,0,0,0,0,0,0,0,0,0,0,0,0,0,0,0,0,0,0,0,0,0,0,0,0,0,0,0,0,4,3,0,0,0,0,0,0,0,0,0,0,0,0,0,0,0,0,0,0,0,0,0,0
Fridericia_bisetosa,d__Eukaryota; p__Annelida; c__Clitellata; o__Enchytraeida; f__Enchytraeidae; g__Fridericia; s__Fridericia_bisetosa,Enchytraeida,0,0,0,0,0,0,0,0,0,0,0,0,0,0,0,0,0,0,0,0,0,0,0,0,0,0,0,0,0,0,0,0,0,0,0,0,0,0,0,0,0,0,0,0,0,0,0,0,0,0,0,0,0,0,0,0,0,0,0,0
Henlea_perpusilla,d__Eukaryota; p__Annelida; c__Clitellata; o__Enchytraeida; f__Enchytraeidae; g__Henlea; s__Henlea_perpusilla,Enchytraeida,0,0,0,0,0,0,0,0,0,0,0,0,0,0,0,0,0,0,0,0,0,0,0,0,0,0,0,0,0,0,0,0,0,0,0,0,0,0,0,0,0,0,0,0,0,0,0,0,0,0,0,0,0,0,0,0,0,0,0,0
Mesenchytraeus_armatus,d__Eukaryota; p__Annelida; c__Clitellata; o__Enchytraeida; f__Enchytraeidae; g__Mesenchytraeus; s__Mesenchytraeus_armatus,Enchytraeida,0,0,0,0,0,0,0,0,0,0,0,0,0,0,0,0,0,0,0,0,0,0,0,0,0,0,0,0,0,0,0,0,0,0,0,0,0,0,0,0,0,0,0,0,0,0,0,0,0,0,0,0,0,0,0,0,0,0,0,0
Lumbriculus_variegatus,d__Eukaryota; p__Annelida; c__Clitellata; o__Lumbriculida; f__Lumbriculidae; g__Lumbriculus; s__Lumbriculus_variegatus,Lumbriculida,0,10,0,0,0,0,0,0,9,0,0,0,0,0,0,0,0,0,0,0,0,0,0,0,0,0,0,48,0,0,0,3,0,0,0,0,46,6,0,0,0,0,0,0,0,0,0,0,0,0,0,0,0,0,0,0,0,0,0,0
Stylodrilus_heringianus,d__Eukaryota; p__Annelida; c__Clitellata; o__Lumbriculida; f__Lumbriculidae; g__Stylodrilus; s__Stylodrilus_heringianus,Lumbriculida,0,0,0,0,0,0,0,0,0,0,3,0,0,0,0,0,0,0,0,3,0,0,0,0,0,0,0,0,0,0,0,0,0,0,0,0,0,0,0,0,0,0,0,0,0,0,0,0,0,0,0,0,0,0,0,0,0,0,0,0
Sparganophilus_tamesis,d__Eukaryota; p__Annelida; c__Clitellata; o__Lumbriculida; f__Sparganophilidae; g__Sparganophilus; s__Sparganophilus_tamesis,Lumbriculida,0,0,0,0,0,0,0,0,6,3,0,0,0,0,0,4,0,0,0,0,0,0,0,0,0,4,0,22,0,3,0,3,11,0,3,13,28,0,0,0,0,0,0,0,0,0,0,0,0,0,0,0,0,0,0,0,0,0,0,0
Glossiphonia_complanata,d__Eukaryota; p__Annelida; c__Clitellata; o__Rhynchobdellida; f__Glossiphoniidae; g__Glossiphonia; s__Glossiphonia_complanata,Rhynchobdellida,0,0,0,13,0,0,0,0,0,0,0,0,0,0,0,0,3,0,3,0,0,0,0,0,0,0,0,0,39,0,0,9,0,0,0,0,15,0,0,0,0,0,0,0,0,0,0,0,0,0,0,0,0,0,0,0,0,0,0,0
Aulodrilus_pluriseta,d__Eukaryota; p__Annelida; c__Clitellata; o__Tubificida; f__Naididae; g__Aulodrilus; s__Aulodrilus_pluriseta,Tubificida,0,0,0,0,0,0,0,0,0,0,0,0,0,0,0,0,0,0,0,0,0,0,0,0,0,0,0,0,0,0,12,0,0,0,0,0,3,0,0,0,0,0,0,0,0,0,0,0,0,0,0,0,0,0,0,0,0,0,0,0
Bothrioneurum_vejdovskyanum,d__Eukaryota; p__Annelida; c__Clitellata; o__Tubificida; f__Naididae; g__Bothrioneurum; s__Bothrioneurum_vejdovskyanum,Tubificida,0,0,0,0,0,0,0,0,0,0,0,0,0,0,0,0,0,0,0,0,0,0,0,0,0,0,0,0,0,0,0,0,0,0,0,0,0,0,0,0,0,0,0,0,0,0,0,0,0,0,0,0,0,0,0,0,0,0,0,0
Chaetogaster_diaphanus,d__Eukaryota; p__Annelida; c__Clitellata; o__Tubificida; f__Naididae; g__Chaetogaster; s__Chaetogaster_diaphanus,Tubificida,0,0,0,0,0,0,0,3,0,17,9,20,29,27,15,78,0,0,0,0,75,0,0,37,19,3,0,13,14,0,14,27,5,0,0,7,30,89,0,0,0,6,7,0,133,0,0,0,0,0,0,0,0,0,0,0,0,0,0,0
Chaetogaster_diastrophus,d__Eukaryota; p__Annelida; c__Clitellata; o__Tubificida; f__Naididae; g__Chaetogaster; s__Chaetogaster_diastrophus,Tubificida,0,0,0,0,3,0,0,3,0,0,0,0,0,23,0,3,27,42,0,435,462,293,0,0,0,0,0,0,0,0,0,0,0,36,0,0,0,0,0,0,0,0,3,0,0,0,0,0,0,0,0,0,0,0,0,0,0,0,0,0
Ilyodrilus_templetoni,d__Eukaryota; p__Annelida; c__Clitellata; o__Tubificida; f__Naididae; g__Ilyodrilus; s__Ilyodrilus_templetoni,Tubificida,0,0,0,0,0,0,0,0,0,0,0,0,0,0,0,0,0,0,0,0,0,0,0,0,0,0,0,0,0,0,0,0,0,0,0,0,0,0,0,0,0,0,0,0,0,0,0,0,0,0,0,0,0,0,0,0,0,0,0,0
Limnodrilus_claparedianus,d__Eukaryota; p__Annelida; c__Clitellata; o__Tubificida; f__Naididae; g__Limnodrilus; s__Limnodrilus_claparedianus,Tubificida,0,0,0,0,0,0,0,0,0,0,0,3,0,0,0,0,0,0,0,0,0,0,0,0,0,0,0,0,0,0,0,136,0,0,0,0,0,0,0,0,0,0,0,0,0,0,0,0,0,0,0,0,0,0,0,0,0,0,0,0
Limnodrilus_hoffmeisteri,d__Eukaryota; p__Annelida; c__Clitellata; o__Tubificida; f__Naididae; g__Limnodrilus; s__Limnodrilus_hoffmeisteri,Tubificida,0,0,0,0,0,0,0,0,0,0,0,0,0,3,0,0,0,0,0,0,0,0,0,0,0,0,0,0,0,0,0,0,0,0,0,0,0,0,0,0,0,0,0,0,0,0,0,0,0,0,0,0,0,0,0,0,0,0,0,0
Monopylephorus_rubroniveus,d__Eukaryota; p__Annelida; c__Clitellata; o__Tubificida; f__Naididae; g__Monopylephorus; s__Monopylephorus_rubroniveus,Tubificida,0,88,0,0,0,0,0,109,0,0,0,0,0,0,0,0,0,0,0,0,0,0,0,45,64,3,0,0,0,0,0,0,0,0,0,0,0,0,0,0,0,0,48,32,345,0,0,0,0,0,0,0,0,0,0,0,0,0,0,0
Nais_alpina,d__Eukaryota; p__Annelida; c__Clitellata; o__Tubificida; f__Naididae; g__Nais; s__Nais_alpina,Tubificida,0,0,0,0,0,0,0,0,0,0,35,83,3,64,18,33,23,17,26,393,497,269,0,0,0,0,0,0,0,3,26,12,0,0,17,64,20,42,0,0,0,0,0,0,0,0,0,0,0,0,0,0,0,0,0,0,0,0,0,0
Nais_bretscheri,d__Eukaryota; p__Annelida; c__Clitellata; o__Tubificida; f__Naididae; g__Nais; s__Nais_bretscheri,Tubificida,0,0,3,0,0,6,0,6,3,11,15,65,0,0,3,91,11,11,0,230,279,124,0,4,0,0,0,6,68,0,0,3,45,6,3,37,211,186,0,0,0,0,0,0,0,0,0,0,0,0,0,0,0,0,0,0,0,0,0,0
Nais_elinguis,d__Eukaryota; p__Annelida; c__Clitellata; o__Tubificida; f__Naididae; g__Nais; s__Nais_elinguis,Tubificida,0,0,0,0,3,0,11,0,0,0,0,0,0,6,74,65,6,0,0,0,6,0,0,0,0,0,0,0,0,0,41,0,0,0,0,0,0,0,0,0,0,0,0,0,4,0,0,0,0,0,0,0,0,0,0,0,0,0,0,0
Ophidonais_serpentina,d__Eukaryota; p__Annelida; c__Clitellata; o__Tubificida; f__Naididae; g__Ophidonais; s__Ophidonais_serpentina,Tubificida,0,0,0,0,0,0,0,0,11,0,12,0,0,78,0,0,44,3,4,169,0,32,0,0,0,0,0,12,0,0,0,0,0,0,0,19,109,91,0,0,0,0,0,0,0,0,0,0,0,0,0,0,0,0,0,0,0,0,0,0
Piguetiella_blanci,d__Eukaryota; p__Annelida; c__Clitellata; o__Tubificida; f__Naididae; g__Piguetiella; s__Piguetiella_blanci,Tubificida,0,0,0,0,0,0,0,3,0,0,0,0,0,0,0,0,0,0,0,0,0,0,0,0,0,0,0,0,0,0,0,33,0,0,0,0,0,0,0,0,0,0,0,0,0,0,0,0,0,0,0,0,0,0,0,0,0,0,0,0
Potamothrix_bavaricus,d__Eukaryota; p__Annelida; c__Clitellata; o__Tubificida; f__Naididae; g__Potamothrix; s__Potamothrix_bavaricus,Tubificida,0,6,0,3,0,0,0,0,0,0,0,0,0,0,0,0,0,0,0,0,0,0,0,0,0,0,0,0,0,0,0,0,0,0,0,0,0,0,0,0,0,15,0,0,9,0,0,0,0,0,0,0,0,0,0,0,0,0,0,0
Potamothrix_hammoniensis,d__Eukaryota; p__Annelida; c__Clitellata; o__Tubificida; f__Naididae; g__Potamothrix; s__Potamothrix_hammoniensis,Tubificida,0,3,0,0,0,0,0,0,0,0,0,0,0,0,0,3,0,0,0,0,0,0,0,0,0,0,0,0,65,0,0,0,0,0,0,0,0,0,0,0,0,0,0,0,0,0,0,0,0,0,0,0,0,0,0,0,0,0,0,0
Potamothrix_moldaviensis,d__Eukaryota; p__Annelida; c__Clitellata; o__Tubificida; f__Naididae; g__Potamothrix; s__Potamothrix_moldaviensis,Tubificida,0,0,0,0,0,0,0,0,0,0,6,0,0,0,0,0,0,0,0,0,0,0,0,0,0,0,0,0,0,0,0,0,0,0,0,0,0,0,0,0,0,0,0,0,0,0,0,0,0,0,0,0,0,0,0,0,0,0,0,0
Psammoryctides_barbatus,d__Eukaryota; p__Annelida; c__Clitellata; o__Tubificida; f__Naididae; g__Psammoryctides; s__Psammoryctides_barbatus,Tubificida,0,167,38,74,0,3,0,37,70,40,81,56,43,222,44,124,206,7,37,9,34,8,0,32,5,33,0,248,440,3,59,15,8,0,14,6,140,34,0,556,156,381,123,17,122,0,0,0,0,0,0,0,0,0,0,0,0,0,0,0
Rhyacodrilus_coccineus,d__Eukaryota; p__Annelida; c__Clitellata; o__Tubificida; f__Naididae; g__Rhyacodrilus; s__Rhyacodrilus_coccineus,Tubificida,0,1651,527,482,442,345,543,0,28,0,0,0,0,0,0,0,0,0,0,0,0,0,0,0,0,0,0,0,0,0,0,38,75,0,0,0,0,0,0,1433,769,1261,3499,2661,4508,0,0,0,0,0,0,0,0,0,0,0,0,0,0,0
Rhyacodrilus_falciformis,d__Eukaryota; p__Annelida; c__Clitellata; o__Tubificida; f__Naididae; g__Rhyacodrilus; s__Rhyacodrilus_falciformis,Tubificida,0,0,0,0,0,0,0,0,0,0,0,0,0,0,0,0,0,0,0,0,0,0,0,0,0,0,0,0,0,0,0,0,0,0,0,0,0,0,0,0,0,0,0,0,0,0,0,0,0,0,0,0,0,0,0,0,0,0,0,0
Slavina_appendiculata,d__Eukaryota; p__Annelida; c__Clitellata; o__Tubificida; f__Naididae; g__Slavina; s__Slavina_appendiculata,Tubificida,0,0,0,0,0,0,0,0,0,0,0,0,0,0,0,0,0,0,0,0,0,0,0,0,0,0,0,0,0,0,0,0,0,0,0,0,0,0,0,0,0,0,0,0,0,0,0,0,0,0,0,0,0,0,0,0,0,0,0,0
Stylaria_lacustris,d__Eukaryota; p__Annelida; c__Clitellata; o__Tubificida; f__Naididae; g__Stylaria; s__Stylaria_lacustris,Tubificida,0,0,0,0,12,198,74,2196,1634,732,3168,4612,4751,5848,9659,2038,1165,389,501,2093,990,566,0,1217,1041,1366,22,3962,3954,476,5492,3838,2443,1928,1603,403,1618,1324,0,0,0,0,170,142,507,0,0,0,0,0,0,0,0,0,0,0,0,0,0,0
Tubifex_tubifex,d__Eukaryota; p__Annelida; c__Clitellata; o__Tubificida; f__Naididae; g__Tubifex; s__Tubifex_tubifex,Tubificida,0,0,0,0,26,21,19,0,17,0,0,0,0,3,0,0,8,0,0,0,0,0,0,0,0,0,0,0,6,0,0,0,0,39,0,0,0,0,0,0,0,32,23,0,0,0,0,0,0,0,0,0,0,0,0,0,0,0,0,0
Eubosmina_coregoni,d__Eukaryota; p__Arthropoda; c__Branchiopoda; o__Diplostraca; f__Bosminidae; g__Eubosmina; s__Eubosmina_coregoni,Diplostraca,0,0,28,0,0,0,0,0,0,0,0,0,0,0,0,0,0,0,0,0,0,0,0,0,0,0,0,0,0,0,0,0,0,0,0,0,0,0,0,0,0,0,0,0,0,0,0,0,0,0,0,0,0,0,0,0,0,0,0,0
Ceriodaphnia_dubia,d__Eukaryota; p__Arthropoda; c__Branchiopoda; o__Diplostraca; f__Daphniidae; g__Ceriodaphnia; s__Ceriodaphnia_dubia,Diplostraca,0,0,0,0,0,0,0,0,0,0,0,0,0,0,0,0,0,0,0,0,0,0,0,0,0,0,0,0,0,0,0,0,0,0,0,0,0,0,0,0,0,0,0,0,0,0,0,0,0,0,0,0,0,0,0,0,0,0,0,0
Daphnia_parvula,d__Eukaryota; p__Arthropoda; c__Branchiopoda; o__Diplostraca; f__Daphniidae; g__Daphnia; s__Daphnia_parvula,Diplostraca,0,0,0,0,0,0,0,0,0,0,0,0,0,0,0,64,0,0,0,0,0,0,0,0,0,0,0,0,0,0,0,0,0,0,0,0,0,0,0,0,0,0,0,0,0,0,0,0,0,0,0,0,0,0,0,0,0,0,0,0
Eurycercus_lamellatus,d__Eukaryota; p__Arthropoda; c__Branchiopoda; o__Diplostraca; f__Eurycercidae; g__Eurycercus; s__Eurycercus_lamellatus,Diplostraca,0,0,0,0,0,0,25,0,9,0,0,0,0,0,0,0,0,0,0,0,0,0,0,7,17,97,0,168,267,9,196,174,44,108,0,0,0,0,0,0,0,0,0,0,78,0,0,0,0,0,0,0,0,0,0,0,0,0,0,0
Sida_crystallina,d__Eukaryota; p__Arthropoda; c__Branchiopoda; o__Diplostraca; f__Sididae; g__Sida; s__Sida_crystallina,Diplostraca,0,0,0,0,0,0,0,0,0,0,0,0,0,0,0,0,0,0,0,0,0,0,0,0,0,3,0,0,0,0,0,0,3,0,0,0,0,0,0,0,0,0,0,0,0,0,0,0,0,0,0,0,0,0,0,0,0,0,0,0
Eurytemora_affinis,d__Eukaryota; p__Arthropoda; c__Hexanauplia; o__Calanoida; f__Temoridae; g__Eurytemora; s__Eurytemora_affinis,Calanoida,0,1987,1501,2727,0,0,0,0,0,0,0,0,0,0,0,0,0,0,0,0,0,0,0,0,0,0,0,0,0,0,0,0,0,0,0,0,0,0,0,9687,0,25759,54,0,0,0,0,0,0,0,0,0,0,0,0,0,0,0,0,0
Acanthocyclops_robustus,d__Eukaryota; p__Arthropoda; c__Hexanauplia; o__Cyclopoida; f__Cyclopidae; g__Acanthocyclops; s__Acanthocyclops_robustus,Cyclopoida,0,0,0,0,0,0,0,0,0,0,0,0,0,0,0,0,0,0,0,0,0,12,0,0,0,0,0,0,0,0,0,0,0,0,0,0,0,0,0,0,0,0,0,0,0,0,0,0,0,0,0,0,0,0,0,0,0,0,0,0
Cyclops_strenuus,d__Eukaryota; p__Arthropoda; c__Hexanauplia; o__Cyclopoida; f__Cyclopidae; g__Cyclops; s__Cyclops_strenuus,Cyclopoida,0,0,0,0,0,0,0,0,0,0,0,0,0,0,0,0,0,0,0,0,0,0,0,0,0,0,0,0,0,0,0,0,0,0,0,0,0,0,0,0,0,0,0,0,0,0,0,0,0,0,0,0,0,0,0,0,0,0,0,0
Paracyclops_fimbriatus,d__Eukaryota; p__Arthropoda; c__Hexanauplia; o__Cyclopoida; f__Cyclopidae; g__Paracyclops; s__Paracyclops_fimbriatus,Cyclopoida,0,0,0,0,0,0,0,0,0,0,0,0,0,0,0,0,0,0,0,0,0,0,0,0,0,13,0,0,0,0,24,0,0,6,0,0,0,0,0,0,0,0,0,0,0,0,0,0,0,0,0,0,0,0,0,0,0,0,0,0
Agabus_affinis,d__Eukaryota; p__Arthropoda; c__Insecta; o__Coleoptera; f__Dytiscidae; g__Agabus; s__Agabus_affinis,Coleoptera,0,0,0,0,0,0,0,0,0,0,0,0,0,0,0,0,0,0,0,0,0,0,0,0,0,0,0,0,0,0,0,0,0,0,0,0,0,0,0,0,0,0,0,0,0,0,0,0,0,0,0,0,0,0,0,0,0,0,0,0
Agabus_arcticus,d__Eukaryota; p__Arthropoda; c__Insecta; o__Coleoptera; f__Dytiscidae; g__Agabus; s__Agabus_arcticus,Coleoptera,0,0,0,0,0,0,0,0,0,0,0,0,0,0,0,0,0,0,0,0,0,0,0,0,0,0,0,0,0,0,0,0,0,0,0,0,0,0,0,0,0,0,0,0,0,0,0,0,0,0,0,0,0,0,0,0,0,0,0,0
Agabus_bipustulatus,d__Eukaryota; p__Arthropoda; c__Insecta; o__Coleoptera; f__Dytiscidae; g__Agabus; s__Agabus_bipustulatus,Coleoptera,0,0,0,0,0,0,0,0,0,0,0,0,0,0,0,0,0,0,0,0,0,0,0,0,0,0,0,0,0,0,0,0,0,0,0,0,0,0,0,0,0,0,0,0,0,0,0,0,0,0,0,0,0,0,0,0,0,0,0,0
Agabus_conspersus,d__Eukaryota; p__Arthropoda; c__Insecta; o__Coleoptera; f__Dytiscidae; g__Agabus; s__Agabus_conspersus,Coleoptera,0,0,0,0,0,0,0,0,0,0,0,0,0,0,0,0,0,0,0,0,0,0,0,0,0,0,0,0,0,0,0,0,0,0,0,0,0,0,0,0,0,0,0,0,0,0,0,0,0,0,0,0,0,0,0,0,0,0,0,0
Agabus_paludosus,d__Eukaryota; p__Arthropoda; c__Insecta; o__Coleoptera; f__Dytiscidae; g__Agabus; s__Agabus_paludosus,Coleoptera,0,0,0,0,0,0,0,0,0,0,0,0,0,0,0,0,0,0,0,0,0,0,0,0,0,0,0,0,0,0,0,0,0,0,0,0,0,0,0,0,0,0,0,0,0,0,0,0,0,0,0,0,0,0,0,0,0,0,0,0
Dytiscus_marginalis,d__Eukaryota; p__Arthropoda; c__Insecta; o__Coleoptera; f__Dytiscidae; g__Dytiscus; s__Dytiscus_marginalis,Coleoptera,0,0,0,0,0,0,0,0,0,0,0,0,0,0,0,0,0,0,0,0,0,75,0,0,0,0,0,0,0,0,0,0,0,0,0,0,0,0,0,0,0,0,0,0,0,0,0,0,0,0,0,0,0,0,0,0,0,0,0,0
Hydroporus_incognitus,d__Eukaryota; p__Arthropoda; c__Insecta; o__Coleoptera; f__Dytiscidae; g__Hydroporus; s__Hydroporus_incognitus,Coleoptera,0,0,0,0,0,0,0,0,0,0,0,0,0,0,0,0,0,0,0,0,0,0,0,0,0,0,0,0,0,0,0,0,0,0,0,0,0,0,0,0,0,0,0,0,0,0,0,0,0,0,0,0,0,0,0,0,0,0,0,0
Hydroporus_memnonius,d__Eukaryota; p__Arthropoda; c__Insecta; o__Coleoptera; f__Dytiscidae; g__Hydroporus; s__Hydroporus_memnonius,Coleoptera,0,0,0,0,0,0,0,0,0,0,0,0,0,0,0,0,0,0,0,0,0,0,0,0,0,0,0,0,0,0,0,0,0,0,0,0,0,0,0,0,0,0,0,0,0,0,0,0,0,0,0,0,0,0,0,0,0,0,0,0
Hydroporus_nigrita,d__Eukaryota; p__Arthropoda; c__Insecta; o__Coleoptera; f__Dytiscidae; g__Hydroporus; s__Hydroporus_nigrita,Coleoptera,0,0,0,0,0,0,0,0,0,0,0,0,0,0,0,0,0,0,0,0,0,0,0,0,0,0,0,0,0,0,0,0,0,0,0,0,0,0,0,0,0,0,0,0,0,0,0,0,0,0,0,0,0,0,0,0,0,0,0,0
Hydroporus_palustris,d__Eukaryota; p__Arthropoda; c__Insecta; o__Coleoptera; f__Dytiscidae; g__Hydroporus; s__Hydroporus_palustris,Coleoptera,0,0,0,0,0,0,0,0,0,0,0,0,0,0,0,0,0,0,0,0,0,0,0,0,0,0,0,0,0,0,0,0,0,0,0,0,0,0,0,0,0,0,0,0,0,0,0,0,0,0,0,0,0,0,0,0,0,0,0,0
Hydroporus_pubescens,d__Eukaryota; p__Arthropoda; c__Insecta; o__Coleoptera; f__Dytiscidae; g__Hydroporus; s__Hydroporus_pubescens,Coleoptera,0,0,0,0,0,0,0,0,0,0,0,0,0,0,0,0,0,0,0,0,0,0,0,0,0,0,0,0,0,0,0,0,0,0,0,0,0,0,0,0,0,0,0,0,0,0,0,0,0,0,0,0,0,0,0,0,0,0,0,0
Ilybius_chalconatus,d__Eukaryota; p__Arthropoda; c__Insecta; o__Coleoptera; f__Dytiscidae; g__Ilybius; s__Ilybius_chalconatus,Coleoptera,0,0,0,0,0,0,0,0,0,0,0,0,0,0,0,0,0,0,0,0,0,0,0,0,0,0,0,0,0,0,0,0,0,0,0,0,0,0,0,0,0,0,0,0,0,0,0,0,0,0,0,0,0,0,0,0,0,0,0,0
Ilybius_fuliginosus,d__Eukaryota; p__Arthropoda; c__Insecta; o__Coleoptera; f__Dytiscidae; g__Ilybius; s__Ilybius_fuliginosus,Coleoptera,0,0,0,0,0,0,0,0,0,0,0,0,0,0,0,0,0,0,0,0,0,0,0,0,0,0,0,0,0,0,0,0,0,0,0,0,0,0,0,0,0,0,0,0,0,0,0,0,0,0,0,0,0,0,0,0,0,0,0,0
Oreodytes_alpinus,d__Eukaryota; p__Arthropoda; c__Insecta; o__Coleoptera; f__Dytiscidae; g__Oreodytes; s__Oreodytes_alpinus,Coleoptera,0,0,0,0,0,0,0,0,0,0,0,0,0,0,0,0,0,0,0,0,0,0,0,0,0,0,0,0,0,0,0,0,0,0,0,0,0,0,0,0,0,0,0,0,0,0,0,0,0,0,0,0,0,0,0,0,0,0,0,0
Platambus_maculatus,d__Eukaryota; p__Arthropoda; c__Insecta; o__Coleoptera; f__Dytiscidae; g__Platambus; s__Platambus_maculatus,Coleoptera,0,0,0,0,0,0,0,0,0,0,0,0,0,0,0,0,0,0,0,0,0,0,0,0,0,0,0,0,0,0,0,0,0,0,0,0,0,0,0,0,0,0,0,0,0,0,0,0,0,0,0,0,0,0,0,0,0,0,0,0
Rhantus_exsoletus,d__Eukaryota; p__Arthropoda; c__Insecta; o__Coleoptera; f__Dytiscidae; g__Rhantus; s__Rhantus_exsoletus,Coleoptera,0,0,0,0,0,0,0,0,0,0,0,0,0,0,0,0,0,0,0,0,0,0,0,0,0,0,0,0,0,0,0,0,0,0,0,0,0,0,0,0,0,0,0,0,0,0,0,0,0,0,0,0,0,0,0,0,0,0,0,0
Elmis_aenea,d__Eukaryota; p__Arthropoda; c__Insecta; o__Coleoptera; f__Elmidae; g__Elmis; s__Elmis_aenea,Coleoptera,0,0,0,0,0,0,0,0,0,0,0,0,0,0,0,0,0,0,0,0,0,0,0,0,0,0,0,0,0,0,0,0,0,0,65,0,0,0,0,0,0,0,0,0,0,0,0,0,0,0,0,0,0,0,0,0,0,0,0,0
Esolus_parallelepipedus,d__Eukaryota; p__Arthropoda; c__Insecta; o__Coleoptera; f__Elmidae; g__Esolus; s__Esolus_parallelepipedus,Coleoptera,0,0,0,0,0,0,0,0,0,0,0,0,0,0,0,0,0,0,0,0,0,0,0,0,0,0,0,0,0,0,0,0,0,0,0,0,0,0,0,0,0,0,0,0,0,0,0,0,0,0,0,0,0,0,0,0,0,0,0,0
Limnius_volckmari,d__Eukaryota; p__Arthropoda; c__Insecta; o__Coleoptera; f__Elmidae; g__Limnius; s__Limnius_volckmari,Coleoptera,0,0,0,0,0,0,0,0,0,0,0,0,0,0,0,0,0,0,0,0,0,0,0,0,0,0,0,0,0,0,0,0,0,0,0,0,0,388,0,0,0,0,0,0,0,0,0,0,0,0,0,0,0,0,0,0,0,0,0,0
Gyrinus_substriatus,d__Eukaryota; p__Arthropoda; c__Insecta; o__Coleoptera; f__Gyrinidae; g__Gyrinus; s__Gyrinus_substriatus,Coleoptera,0,0,0,0,0,0,0,0,0,0,0,0,0,0,0,0,0,0,0,0,0,0,0,0,0,0,0,0,0,0,0,0,0,0,0,0,0,0,0,0,0,0,0,0,0,0,0,0,0,0,0,0,0,0,0,0,0,0,0,0
Orectochilus_villosus,d__Eukaryota; p__Arthropoda; c__Insecta; o__Coleoptera; f__Gyrinidae; g__Orectochilus; s__Orectochilus_villosus,Coleoptera,0,0,0,0,0,0,0,0,0,0,0,0,0,0,0,0,0,7,0,0,0,0,0,0,0,0,0,0,0,0,0,0,0,0,0,0,0,0,0,0,0,0,0,0,0,0,0,0,0,0,0,0,0,0,0,0,0,0,0,0
Haliplus_fulvus,d__Eukaryota; p__Arthropoda; c__Insecta; o__Coleoptera; f__Haliplidae; g__Haliplus; s__Haliplus_fulvus,Coleoptera,0,0,0,0,0,0,0,0,0,0,0,0,0,0,0,0,0,0,0,0,0,0,0,0,0,0,0,0,0,0,0,0,0,0,0,0,0,0,0,0,0,0,0,0,0,0,0,0,0,0,0,0,0,0,0,0,0,0,0,0
Haliplus_lineatocollis,d__Eukaryota; p__Arthropoda; c__Insecta; o__Coleoptera; f__Haliplidae; g__Haliplus; s__Haliplus_lineatocollis,Coleoptera,0,0,0,0,0,0,0,0,0,0,0,0,0,0,0,0,0,0,0,0,0,0,0,0,0,0,0,0,0,0,0,0,0,0,0,0,0,0,0,0,0,0,0,0,0,0,0,0,0,0,0,0,0,0,0,0,0,0,0,0
Hydraena_britteni,d__Eukaryota; p__Arthropoda; c__Insecta; o__Coleoptera; f__Hydraenidae; g__Hydraena; s__Hydraena_britteni,Coleoptera,0,0,0,0,0,0,0,0,0,0,0,0,0,0,0,0,0,0,0,0,0,0,0,0,0,0,0,0,0,0,0,0,0,0,0,0,0,0,0,0,0,0,0,0,0,0,0,0,0,0,0,0,0,0,0,0,0,0,0,0
Limnebius_truncatellus,d__Eukaryota; p__Arthropoda; c__Insecta; o__Coleoptera; f__Hydraenidae; g__Limnebius; s__Limnebius_truncatellus,Coleoptera,0,0,0,0,0,0,0,0,0,0,0,0,0,0,0,0,0,0,0,0,0,0,0,0,0,0,0,0,0,0,0,0,0,0,0,0,0,0,0,0,0,0,0,0,0,0,0,0,0,0,0,0,0,0,0,0,0,0,0,0
Cercyon_analis,d__Eukaryota; p__Arthropoda; c__Insecta; o__Coleoptera; f__Hydrophilidae; g__Cercyon; s__Cercyon_analis,Coleoptera,0,0,0,0,0,0,0,0,0,0,0,74,0,0,0,0,0,0,0,0,0,0,0,0,0,0,0,0,0,0,0,0,0,0,0,0,0,0,0,0,0,0,0,0,0,0,0,0,0,0,0,0,0,0,0,0,0,0,0,0
Contacyphon_coarctatus,d__Eukaryota; p__Arthropoda; c__Insecta; o__Coleoptera; f__Scirtidae; g__Contacyphon; s__Contacyphon_coarctatus,Coleoptera,0,0,0,0,0,0,0,0,0,0,0,0,0,0,0,0,0,0,0,0,0,0,0,0,0,0,0,0,0,0,0,0,0,0,0,0,0,0,0,0,0,0,0,0,0,0,0,0,0,0,0,0,0,0,0,0,0,0,0,0
Contacyphon_hilaris,d__Eukaryota; p__Arthropoda; c__Insecta; o__Coleoptera; f__Scirtidae; g__Contacyphon; s__Contacyphon_hilaris,Coleoptera,0,0,0,0,0,0,0,0,0,0,0,0,0,0,0,0,0,0,0,0,0,0,0,0,0,0,0,0,0,0,0,0,0,0,0,0,0,0,0,0,0,0,0,0,0,0,0,0,0,0,0,0,0,0,0,0,0,0,0,0
Contacyphon_laevipennis,d__Eukaryota; p__Arthropoda; c__Insecta; o__Coleoptera; f__Scirtidae; g__Contacyphon; s__Contacyphon_laevipennis,Coleoptera,0,0,0,0,0,0,0,0,0,0,0,0,0,0,0,0,0,0,0,0,0,0,0,0,0,0,0,0,0,0,0,0,0,0,0,0,0,0,0,0,0,0,0,0,0,0,0,0,0,0,0,0,0,0,0,0,0,0,0,0
Contacyphon_padi,d__Eukaryota; p__Arthropoda; c__Insecta; o__Coleoptera; f__Scirtidae; g__Contacyphon; s__Contacyphon_padi,Coleoptera,0,0,0,0,0,0,0,0,0,0,0,0,0,0,0,0,0,0,0,0,0,0,0,0,0,0,0,0,0,0,0,0,0,0,0,0,0,0,0,0,0,0,0,0,0,0,0,0,0,0,0,0,0,0,0,0,0,0,0,0
Elodes_minuta,d__Eukaryota; p__Arthropoda; c__Insecta; o__Coleoptera; f__Scirtidae; g__Elodes; s__Elodes_minuta,Coleoptera,0,0,0,0,0,0,0,0,0,0,0,0,0,0,0,0,0,13,0,0,0,0,0,0,0,0,0,0,0,0,0,0,0,0,0,0,0,0,0,0,0,0,0,0,0,0,0,0,0,0,0,0,0,0,0,0,0,0,0,0
Hydrocyphon_deflexicollis,d__Eukaryota; p__Arthropoda; c__Insecta; o__Coleoptera; f__Scirtidae; g__Hydrocyphon; s__Hydrocyphon_deflexicollis,Coleoptera,0,0,0,0,0,0,0,0,0,0,0,0,0,0,0,0,0,0,0,0,0,0,0,0,0,0,0,0,0,0,0,0,0,0,0,0,0,0,0,0,0,0,0,0,0,0,0,0,0,0,0,0,0,0,0,0,0,0,0,0
Calliphora_vicina,d__Eukaryota; p__Arthropoda; c__Insecta; o__Diptera; f__Calliphoridae; g__Calliphora; s__Calliphora_vicina,Diptera,0,0,0,0,0,107,0,0,0,0,0,0,0,0,0,0,489,0,0,0,0,0,0,0,0,0,0,0,0,0,0,0,0,0,0,0,0,0,0,0,0,0,0,0,0,0,0,0,0,0,0,0,0,0,0,0,0,0,0,0
Calliphora_vomitoria,d__Eukaryota; p__Arthropoda; c__Insecta; o__Diptera; f__Calliphoridae; g__Calliphora; s__Calliphora_vomitoria,Diptera,0,0,0,0,0,0,0,0,0,0,0,0,0,0,0,0,0,0,0,0,0,0,0,0,429,0,0,0,0,0,0,0,0,0,0,0,473,0,0,0,0,0,0,0,0,0,0,0,0,0,0,0,0,0,0,0,0,0,0,0
Cynomya_mortuorum,d__Eukaryota; p__Arthropoda; c__Insecta; o__Diptera; f__Calliphoridae; g__Cynomya; s__Cynomya_mortuorum,Diptera,0,0,0,0,0,0,0,0,0,0,0,0,0,0,0,0,0,0,0,0,0,0,0,0,0,0,0,0,0,0,0,0,0,0,0,0,0,0,0,0,0,0,0,0,0,0,0,0,0,0,0,0,0,0,0,0,0,0,0,0
Lucilia_illustris,d__Eukaryota; p__Arthropoda; c__Insecta; o__Diptera; f__Calliphoridae; g__Lucilia; s__Lucilia_illustris,Diptera,0,0,0,0,0,0,0,0,0,0,0,0,0,0,0,0,0,0,0,0,0,0,0,0,0,0,0,0,0,0,0,0,0,0,0,0,0,0,0,0,0,0,0,0,0,0,0,0,0,0,0,0,0,0,0,0,0,0,0,0
Lucilia_sericata,d__Eukaryota; p__Arthropoda; c__Insecta; o__Diptera; f__Calliphoridae; g__Lucilia; s__Lucilia_sericata,Diptera,0,0,0,0,0,0,0,0,0,0,0,0,0,0,0,0,0,0,0,0,0,0,0,0,0,0,0,0,0,0,0,0,0,0,0,0,0,0,0,0,0,0,0,0,0,0,0,0,0,0,0,0,0,0,0,0,0,0,0,0
Culicoides_scoticus,d__Eukaryota; p__Arthropoda; c__Insecta; o__Diptera; f__Ceratopogonidae; g__Culicoides; s__Culicoides_scoticus,Diptera,0,0,0,0,0,0,0,0,0,0,0,0,0,0,0,0,0,0,0,0,0,0,0,0,0,0,0,0,0,0,0,0,0,0,0,0,0,0,0,0,0,0,0,0,0,0,0,0,0,0,0,0,0,0,0,0,0,0,0,0
Ablabesmyia_monilis,d__Eukaryota; p__Arthropoda; c__Insecta; o__Diptera; f__Chironomidae; g__Ablabesmyia; s__Ablabesmyia_monilis,Diptera,0,519,0,58,949,2068,621,0,0,0,0,0,1057,74,0,0,217,565,83,0,0,0,0,98,0,0,3,0,372,0,0,0,0,216,0,0,0,0,0,0,78,0,0,331,126,0,0,0,0,0,0,0,0,0,0,0,0,0,0,0
Chironomus_nuditarsis,d__Eukaryota; p__Arthropoda; c__Insecta; o__Diptera; f__Chironomidae; g__Chironomus; s__Chironomus_nuditarsis,Diptera,0,0,0,0,0,0,0,32,48,7,337,32,346,29,310,366,0,0,0,126,0,0,0,104,17,75,0,3,0,84,302,138,0,79,20,167,170,689,0,0,0,0,0,0,12,0,0,0,0,0,0,0,0,0,0,0,0,0,0,0
Cryptochironomus_obreptans,d__Eukaryota; p__Arthropoda; c__Insecta; o__Diptera; f__Chironomidae; g__Cryptochironomus; s__Cryptochironomus_obreptans,Diptera,0,0,0,0,0,0,0,0,0,0,0,0,0,0,70,0,0,0,0,0,0,0,0,0,0,0,0,0,0,0,0,0,0,0,0,33,0,0,0,0,0,0,0,0,0,0,0,0,0,0,0,0,0,0,0,0,0,0,0,0
Endochironomus_albipennis,d__Eukaryota; p__Arthropoda; c__Insecta; o__Diptera; f__Chironomidae; g__Endochironomus; s__Endochironomus_albipennis,Diptera,0,0,0,0,0,0,0,0,0,0,0,0,0,0,0,0,0,0,0,0,0,0,0,0,0,25,0,0,495,0,479,166,116,128,92,0,0,0,0,0,0,0,0,0,0,0,0,0,0,0,0,0,0,0,0,0,0,0,0,0
Heterotanytarsus_apicalis,d__Eukaryota; p__Arthropoda; c__Insecta; o__Diptera; f__Chironomidae; g__Heterotanytarsus; s__Heterotanytarsus_apicalis,Diptera,0,0,0,0,0,0,0,0,0,0,0,0,0,0,0,0,0,0,0,0,0,0,0,0,0,0,0,0,0,0,0,0,0,0,0,0,0,0,0,0,0,0,0,0,0,0,0,0,0,0,0,0,0,0,0,0,0,0,0,0
Macropelopia_nebulosa,d__Eukaryota; p__Arthropoda; c__Insecta; o__Diptera; f__Chironomidae; g__Macropelopia; s__Macropelopia_nebulosa,Diptera,0,0,0,0,0,0,0,0,0,0,0,0,0,0,0,0,0,0,0,0,0,0,0,0,0,0,0,0,0,0,53,0,0,0,0,0,169,0,0,0,0,0,0,0,0,0,0,0,0,0,0,0,0,0,0,0,0,0,0,0
Microtendipes_chloris,d__Eukaryota; p__Arthropoda; c__Insecta; o__Diptera; f__Chironomidae; g__Microtendipes; s__Microtendipes_chloris,Diptera,0,0,0,0,0,0,0,0,0,0,0,0,0,0,0,0,0,0,0,0,0,0,0,0,0,0,0,0,0,0,73,31,0,0,0,10,0,57,0,0,0,0,0,0,0,0,0,0,0,0,0,0,0,0,0,0,0,0,0,0
Procladius_sagittalis,d__Eukaryota; p__Arthropoda; c__Insecta; o__Diptera; f__Chironomidae; g__Procladius; s__Procladius_sagittalis,Diptera,0,0,0,0,0,0,0,0,0,0,0,0,0,0,0,0,0,0,0,0,0,0,0,0,15,0,0,0,0,0,0,13,0,0,0,0,0,161,0,0,9,0,0,0,0,0,0,0,0,0,0,0,0,0,0,0,0,0,0,0
Tanytarsus_bathophilus,d__Eukaryota; p__Arthropoda; c__Insecta; o__Diptera; f__Chironomidae; g__Tanytarsus; s__Tanytarsus_bathophilus,Diptera,0,0,0,0,8,52,10,17,0,3,1056,40,120,272,117,141,322,3,34,7,173,72,0,508,388,676,0,1750,2499,218,1323,1928,599,972,508,402,1925,943,0,0,0,0,7,8,144,0,0,0,0,0,0,0,0,0,0,0,0,0,0,0
Anopheles_claviger,d__Eukaryota; p__Arthropoda; c__Insecta; o__Diptera; f__Culicidae; g__Anopheles; s__Anopheles_claviger,Diptera,0,0,0,0,0,0,0,0,0,0,0,0,0,0,0,0,0,0,0,0,0,0,0,0,0,0,0,0,0,0,0,0,0,0,0,0,0,0,0,0,0,0,0,0,0,0,0,0,0,0,0,0,0,0,0,0,0,0,0,0
Culex_pipiens,d__Eukaryota; p__Arthropoda; c__Insecta; o__Diptera; f__Culicidae; g__Culex; s__Culex_pipiens,Diptera,0,159,0,37,0,119,47,0,10,0,0,0,0,0,0,34,0,0,0,0,0,0,0,0,0,0,0,0,0,0,0,0,0,0,0,0,0,0,0,73,0,80,0,0,0,0,0,0,0,0,0,0,0,0,0,0,0,0,0,0
Culex_torrentium,d__Eukaryota; p__Arthropoda; c__Insecta; o__Diptera; f__Culicidae; g__Culex; s__Culex_torrentium,Diptera,0,0,0,0,0,0,0,0,0,0,0,0,0,0,0,0,0,0,0,0,0,0,0,0,0,0,0,0,0,0,0,0,0,0,0,0,0,0,0,0,0,0,0,0,0,0,0,0,0,0,0,0,0,0,0,0,0,0,0,0
Culiseta_annulata,d__Eukaryota; p__Arthropoda; c__Insecta; o__Diptera; f__Culicidae; g__Culiseta; s__Culiseta_annulata,Diptera,0,0,0,0,0,0,0,0,0,0,0,0,0,0,0,0,0,0,0,0,0,0,0,0,0,0,0,0,0,0,0,0,0,0,0,0,0,0,0,0,0,0,0,0,0,0,0,0,0,0,0,0,0,0,0,0,0,0,0,0
Eudasyphora_cyanicolor,d__Eukaryota; p__Arthropoda; c__Insecta; o__Diptera; f__Muscidae; g__Eudasyphora; s__Eudasyphora_cyanicolor,Diptera,3,5,3,5,26,20,0,0,0,0,0,0,0,0,0,0,0,0,8,0,3,3,0,0,0,0,21,8,0,0,0,0,0,0,0,0,0,0,0,0,0,6,14,7,0,0,0,0,3,0,3,3,0,247365,276586,222895,133166,271505,158908,141809
Helina_evecta,d__Eukaryota; p__Arthropoda; c__Insecta; o__Diptera; f__Muscidae; g__Helina; s__Helina_evecta,Diptera,0,0,0,0,0,0,0,0,0,0,0,0,0,0,0,0,0,0,0,0,0,0,0,0,0,0,0,0,0,0,0,0,0,0,0,0,0,0,0,0,0,0,0,0,0,0,0,0,0,0,0,0,0,0,0,0,0,0,0,0
Helina_lasiophthalma,d__Eukaryota; p__Arthropoda; c__Insecta; o__Diptera; f__Muscidae; g__Helina; s__Helina_lasiophthalma,Diptera,0,0,0,0,0,0,0,0,0,0,0,0,0,0,0,0,0,0,0,0,0,0,0,0,0,0,0,0,0,0,0,0,0,0,0,0,39,0,0,0,0,0,0,0,0,0,0,0,0,0,0,0,0,0,0,0,0,0,0,0
Hydrotaea_dentipes,d__Eukaryota; p__Arthropoda; c__Insecta; o__Diptera; f__Muscidae; g__Hydrotaea; s__Hydrotaea_dentipes,Diptera,0,0,0,0,0,0,0,0,0,0,0,0,0,0,0,0,0,0,0,0,0,0,0,0,0,0,0,0,0,0,0,0,0,0,0,0,0,0,0,0,0,0,0,0,0,0,0,0,0,0,0,0,0,0,0,0,0,0,0,0
Phaonia_tuguriorum,d__Eukaryota; p__Arthropoda; c__Insecta; o__Diptera; f__Muscidae; g__Phaonia; s__Phaonia_tuguriorum,Diptera,0,0,0,0,0,0,0,0,0,0,0,0,0,0,0,0,0,0,0,0,0,0,0,0,0,0,0,0,0,0,0,0,0,0,0,0,0,0,0,0,0,0,0,0,0,0,0,0,0,0,0,0,0,0,0,0,0,0,0,0
Pollenia_rudis,d__Eukaryota; p__Arthropoda; c__Insecta; o__Diptera; f__Polleniidae; g__Pollenia; s__Pollenia_rudis,Diptera,0,0,0,0,0,0,0,0,0,0,0,0,0,0,0,0,0,0,0,0,0,0,0,0,0,0,0,0,0,0,0,0,0,0,0,0,0,0,0,0,0,0,0,0,0,0,0,0,0,0,0,0,0,0,0,0,0,0,0,0
Prosimulium_hirtipes,d__Eukaryota; p__Arthropoda; c__Insecta; o__Diptera; f__Simuliidae; g__Prosimulium; s__Prosimulium_hirtipes,Diptera,0,0,0,0,0,0,0,0,0,0,0,0,0,0,0,0,0,0,0,0,0,0,0,0,0,0,0,0,0,0,0,0,0,0,0,0,0,0,0,0,0,0,0,0,0,0,0,0,0,0,0,0,0,0,0,0,0,0,0,0
Prosimulium_tomosvaryi,d__Eukaryota; p__Arthropoda; c__Insecta; o__Diptera; f__Simuliidae; g__Prosimulium; s__Prosimulium_tomosvaryi,Diptera,0,0,0,0,0,0,0,0,0,0,0,0,0,0,0,0,0,0,0,0,0,0,0,0,0,0,0,0,0,0,0,0,0,0,0,0,0,0,0,0,0,0,0,0,0,0,0,0,0,0,0,0,0,6,0,0,0,0,0,0
Simulium_argyreatum,d__Eukaryota; p__Arthropoda; c__Insecta; o__Diptera; f__Simuliidae; g__Simulium; s__Simulium_argyreatum,Diptera,0,0,0,0,0,0,0,0,0,0,0,0,0,0,0,0,0,0,0,0,0,0,0,0,0,0,0,0,0,0,0,0,0,0,0,0,0,0,0,0,0,0,0,0,0,0,0,0,0,0,0,0,0,0,0,0,0,0,0,0
Simulium_dunfellense,d__Eukaryota; p__Arthropoda; c__Insecta; o__Diptera; f__Simuliidae; g__Simulium; s__Simulium_dunfellense,Diptera,0,0,0,0,0,0,0,0,0,0,0,0,0,0,0,0,0,0,0,0,0,0,0,0,0,0,0,0,0,0,0,0,0,0,0,0,0,0,0,0,0,0,0,0,0,0,0,0,0,0,0,0,0,0,0,0,0,0,0,0
Simulium_equinum,d__Eukaryota; p__Arthropoda; c__Insecta; o__Diptera; f__Simuliidae; g__Simulium; s__Simulium_equinum,Diptera,0,0,0,0,0,0,0,244,45,28,145,740,367,2320,1566,3128,226,373,377,1044,479,393,0,0,10,0,0,97,104,36,534,762,306,277,40,241,1872,793,0,0,0,0,0,0,0,0,0,0,0,0,0,0,0,0,0,0,0,0,0,0
Simulium_juxtacrenobium,d__Eukaryota; p__Arthropoda; c__Insecta; o__Diptera; f__Simuliidae; g__Simulium; s__Simulium_juxtacrenobium,Diptera,0,0,0,0,0,0,0,0,0,0,0,0,0,0,0,0,0,0,0,0,0,0,0,0,0,0,0,0,0,0,0,0,0,0,0,0,0,0,0,0,0,0,0,0,0,0,0,0,0,0,0,0,0,0,0,0,0,0,0,0
Simulium_latipes,d__Eukaryota; p__Arthropoda; c__Insecta; o__Diptera; f__Simuliidae; g__Simulium; s__Simulium_latipes,Diptera,0,0,0,0,0,0,0,0,0,0,0,0,0,0,0,0,0,0,0,0,0,0,0,0,0,0,0,0,0,0,0,0,0,0,0,0,0,0,0,0,0,0,0,0,0,0,0,0,0,0,0,0,0,0,0,0,0,0,0,0
Simulium_lineatum,d__Eukaryota; p__Arthropoda; c__Insecta; o__Diptera; f__Simuliidae; g__Simulium; s__Simulium_lineatum,Diptera,0,0,0,0,0,0,0,416,98,133,322,1023,337,6530,7370,3091,181,146,290,1038,2206,1686,0,40,39,0,0,371,0,218,405,897,211,380,294,1185,2999,1634,0,0,0,0,0,0,0,0,0,0,0,0,0,0,0,0,0,0,0,0,0,0
Simulium_noelleri,d__Eukaryota; p__Arthropoda; c__Insecta; o__Diptera; f__Simuliidae; g__Simulium; s__Simulium_noelleri,Diptera,0,0,0,0,0,0,0,0,0,0,0,27,0,0,0,0,0,0,0,0,0,0,0,45,201,24,0,0,0,6,51,19,104,316,30,0,0,0,0,0,0,0,0,0,0,0,0,0,0,0,0,0,0,0,0,0,0,0,0,0
Simulium_ornatum,d__Eukaryota; p__Arthropoda; c__Insecta; o__Diptera; f__Simuliidae; g__Simulium; s__Simulium_ornatum,Diptera,0,0,0,0,0,0,0,6,0,0,6,0,0,10,0,36,0,0,0,0,0,0,0,0,0,0,0,0,0,0,0,0,0,0,0,0,0,0,0,0,0,0,0,0,0,0,0,0,0,0,0,0,0,0,0,0,0,0,0,0
Simulium_posticatum,d__Eukaryota; p__Arthropoda; c__Insecta; o__Diptera; f__Simuliidae; g__Simulium; s__Simulium_posticatum,Diptera,0,0,0,0,0,0,0,0,0,0,0,0,0,15,0,0,0,0,0,0,0,0,0,0,0,0,0,0,0,0,0,0,0,0,0,0,0,0,0,0,0,0,0,0,0,0,0,0,0,0,0,0,0,0,0,0,0,0,0,0
Simulium_reptans,d__Eukaryota; p__Arthropoda; c__Insecta; o__Diptera; f__Simuliidae; g__Simulium; s__Simulium_reptans,Diptera,0,0,0,0,0,0,0,3,0,0,0,196,0,481,1935,346,0,0,0,0,438,278,0,0,0,17,0,0,0,8,0,0,212,43,112,168,1494,952,0,0,0,0,0,0,0,0,0,0,0,0,0,0,0,0,0,0,0,0,0,0
Simulium_trifasciatum,d__Eukaryota; p__Arthropoda; c__Insecta; o__Diptera; f__Simuliidae; g__Simulium; s__Simulium_trifasciatum,Diptera,0,0,0,0,0,0,0,0,0,0,0,3,14,0,0,37,15,0,6,0,0,0,0,0,0,0,0,0,0,0,0,0,0,0,0,3,0,3,0,0,0,0,0,0,0,0,0,0,0,0,0,0,0,0,0,0,0,0,0,0
Simulium_urbanum,d__Eukaryota; p__Arthropoda; c__Insecta; o__Diptera; f__Simuliidae; g__Simulium; s__Simulium_urbanum,Diptera,0,0,0,0,0,0,0,0,0,0,0,0,0,0,0,0,0,0,0,0,0,0,0,0,0,0,0,0,0,0,0,0,0,0,0,0,0,0,0,0,0,0,0,0,0,0,0,0,0,0,0,0,0,0,0,0,0,0,0,0
Simulium_verecundum,d__Eukaryota; p__Arthropoda; c__Insecta; o__Diptera; f__Simuliidae; g__Simulium; s__Simulium_verecundum,Diptera,0,0,0,0,0,0,0,0,0,0,0,0,0,0,0,0,0,0,0,0,0,0,0,0,0,0,0,0,0,0,0,0,0,0,0,0,0,0,0,0,0,0,0,0,0,0,0,0,0,0,0,0,0,0,0,0,0,0,0,0
Simulium_vernum,d__Eukaryota; p__Arthropoda; c__Insecta; o__Diptera; f__Simuliidae; g__Simulium; s__Simulium_vernum,Diptera,0,0,0,0,0,0,0,0,0,0,0,0,0,0,0,0,0,0,0,0,0,0,0,0,0,0,0,0,0,0,0,0,0,0,0,0,0,0,0,0,3,0,0,0,0,0,0,0,0,0,0,0,0,0,0,0,0,0,0,0
Phthitia_empirica,d__Eukaryota; p__Arthropoda; c__Insecta; o__Diptera; f__Sphaeroceridae; g__Phthitia; s__Phthitia_empirica,Diptera,0,0,0,0,0,0,0,0,0,0,0,0,0,0,0,0,0,0,0,0,0,0,0,0,0,0,0,0,0,0,0,0,0,0,0,0,0,0,0,0,0,0,0,0,0,0,0,0,0,0,0,0,0,0,0,0,0,0,0,0
Platycheirus_clypeatus,d__Eukaryota; p__Arthropoda; c__Insecta; o__Diptera; f__Syrphidae; g__Platycheirus; s__Platycheirus_clypeatus,Diptera,0,0,0,0,0,0,0,0,0,0,0,0,0,0,0,0,0,0,0,0,0,0,0,0,0,0,0,0,0,0,0,0,0,0,0,0,0,0,0,0,0,0,0,0,0,0,0,0,0,0,0,0,0,0,0,0,0,0,0,0
Baetis_fuscatus,d__Eukaryota; p__Arthropoda; c__Insecta; o__Ephemeroptera; f__Baetidae; g__Baetis; s__Baetis_fuscatus,Ephemeroptera,0,0,0,0,0,0,0,0,0,0,19,0,0,0,6,0,45,43,6,95,73,28,0,0,4,0,0,0,0,45,23,0,0,0,6,51,582,76,0,0,0,0,0,0,0,0,0,0,0,0,0,0,0,0,0,0,0,0,0,0
Baetis_rhodani,d__Eukaryota; p__Arthropoda; c__Insecta; o__Ephemeroptera; f__Baetidae; g__Baetis; s__Baetis_rhodani,Ephemeroptera,0,0,0,0,0,0,0,0,228,0,0,416,149,1257,553,301,0,841,3047,0,0,141,0,0,0,0,0,0,362,19,930,822,684,208,369,0,283,115,0,0,31,236,92,4,0,0,0,3,0,7,0,0,0,3,15,0,3,0,0,0
Centroptilum_luteolum,d__Eukaryota; p__Arthropoda; c__Insecta; o__Ephemeroptera; f__Baetidae; g__Centroptilum; s__Centroptilum_luteolum,Ephemeroptera,0,0,0,0,0,0,0,0,0,0,0,0,0,0,0,0,0,0,0,0,0,0,0,0,0,0,0,0,0,0,0,0,0,0,0,0,0,0,0,0,0,0,0,0,0,0,0,0,0,0,0,0,0,0,0,0,0,0,0,0
Nigrobaetis_niger,d__Eukaryota; p__Arthropoda; c__Insecta; o__Ephemeroptera; f__Baetidae; g__Nigrobaetis; s__Nigrobaetis_niger,Ephemeroptera,0,0,0,0,0,0,0,0,0,0,0,0,0,0,0,0,0,0,0,0,0,0,0,0,0,0,0,0,0,0,0,0,0,0,0,0,0,0,0,0,0,0,0,0,0,0,0,0,0,0,0,0,0,0,0,0,0,0,0,0
Takobia_muticus,d__Eukaryota; p__Arthropoda; c__Insecta; o__Ephemeroptera; f__Baetidae; g__Takobia; s__Takobia_muticus,Ephemeroptera,0,0,0,0,0,0,0,0,0,0,0,0,0,0,0,0,0,0,0,0,0,0,0,0,0,0,0,0,0,0,0,0,0,0,0,0,0,0,0,0,0,0,0,0,0,0,0,0,0,0,0,0,0,0,0,0,0,0,0,0
Caenis_horaria,d__Eukaryota; p__Arthropoda; c__Insecta; o__Ephemeroptera; f__Caenidae; g__Caenis; s__Caenis_horaria,Ephemeroptera,0,0,0,0,0,0,0,0,0,0,0,0,0,0,0,0,0,0,0,0,0,0,0,0,0,0,0,0,0,0,0,0,0,0,0,0,0,0,0,0,0,0,0,0,0,0,0,0,0,0,0,0,0,0,0,0,0,0,0,0
Caenis_pusilla,d__Eukaryota; p__Arthropoda; c__Insecta; o__Ephemeroptera; f__Caenidae; g__Caenis; s__Caenis_pusilla,Ephemeroptera,0,0,0,0,0,0,0,0,0,0,0,0,0,0,0,0,0,0,121,438,1149,194,0,0,0,0,0,0,0,0,0,0,267,0,32,1397,3208,2071,0,0,0,0,0,0,0,0,0,0,0,0,0,0,0,0,0,0,0,0,0,0
Serratella_ignita,d__Eukaryota; p__Arthropoda; c__Insecta; o__Ephemeroptera; f__Ephemerellidae; g__Serratella; s__Serratella_ignita,Ephemeroptera,0,0,0,0,0,0,0,0,14,0,0,0,0,121,138,76,56,0,0,666,1325,195,0,0,0,0,0,0,0,9,99,68,227,78,80,970,2026,1622,0,0,0,0,0,0,0,0,0,0,0,0,0,0,0,0,0,0,0,0,0,0
Ephemera_danica,d__Eukaryota; p__Arthropoda; c__Insecta; o__Ephemeroptera; f__Ephemeridae; g__Ephemera; s__Ephemera_danica,Ephemeroptera,0,0,0,0,0,0,0,0,0,0,0,4,26,79,3,22,8,0,59,20,0,28,0,0,0,0,0,0,0,0,9,18,0,0,0,5,27,28,0,0,0,0,0,0,0,0,0,0,0,0,0,0,0,0,0,0,0,0,0,0
Ephemera_vulgata,d__Eukaryota; p__Arthropoda; c__Insecta; o__Ephemeroptera; f__Ephemeridae; g__Ephemera; s__Ephemera_vulgata,Ephemeroptera,0,0,0,0,0,0,0,0,0,0,0,0,0,0,0,0,0,0,0,0,0,0,0,0,0,0,0,0,0,0,0,0,0,0,0,0,0,0,0,0,0,0,0,9,0,0,0,0,0,0,0,0,0,0,0,0,0,0,0,0
Ecdyonurus_venosus,d__Eukaryota; p__Arthropoda; c__Insecta; o__Ephemeroptera; f__Heptageniidae; g__Ecdyonurus; s__Ecdyonurus_venosus,Ephemeroptera,0,0,0,0,0,0,0,0,0,0,0,0,0,0,0,0,0,0,0,0,0,0,0,0,0,0,0,0,0,0,0,0,0,0,0,0,0,0,0,0,0,0,0,0,0,0,0,0,0,0,0,0,0,0,0,0,0,0,0,0
Electrogena_lateralis,d__Eukaryota; p__Arthropoda; c__Insecta; o__Ephemeroptera; f__Heptageniidae; g__Electrogena; s__Electrogena_lateralis,Ephemeroptera,0,0,0,0,0,0,0,0,0,0,0,0,0,0,0,0,0,0,0,0,0,0,0,0,0,0,0,0,0,0,0,0,0,0,0,0,0,0,0,0,0,0,0,0,0,0,0,0,0,0,0,0,0,0,0,0,0,0,0,0
Heptagenia_sulphurea,d__Eukaryota; p__Arthropoda; c__Insecta; o__Ephemeroptera; f__Heptageniidae; g__Heptagenia; s__Heptagenia_sulphurea,Ephemeroptera,0,0,0,0,0,0,0,6,0,0,0,0,0,0,0,0,0,0,0,21,20,28,0,0,0,0,0,0,16,0,19,0,17,0,3,7,159,163,0,0,0,0,0,0,0,0,0,0,0,0,0,0,0,0,0,0,0,0,0,0
Rhithrogena_germanica,d__Eukaryota; p__Arthropoda; c__Insecta; o__Ephemeroptera; f__Heptageniidae; g__Rhithrogena; s__Rhithrogena_germanica,Ephemeroptera,0,0,0,0,0,0,0,0,0,0,0,0,0,0,0,0,0,0,0,0,0,0,0,0,0,0,0,0,0,0,0,0,0,0,0,0,0,0,0,0,0,0,0,0,0,0,0,0,0,0,0,0,0,0,0,0,0,0,0,0
Rhithrogena_semicolorata,d__Eukaryota; p__Arthropoda; c__Insecta; o__Ephemeroptera; f__Heptageniidae; g__Rhithrogena; s__Rhithrogena_semicolorata,Ephemeroptera,0,0,0,0,0,0,0,0,0,0,0,0,0,0,142,66,0,0,0,0,0,0,0,0,0,0,0,0,0,0,15,0,0,91,0,0,97,70,0,0,0,0,10,0,0,0,0,0,0,0,0,0,0,0,0,0,0,0,0,0
Leptophlebia_marginata,d__Eukaryota; p__Arthropoda; c__Insecta; o__Ephemeroptera; f__Leptophlebiidae; g__Leptophlebia; s__Leptophlebia_marginata,Ephemeroptera,0,0,0,0,0,0,0,0,0,0,0,0,0,0,0,0,0,0,0,0,0,0,0,0,0,0,0,0,0,0,0,0,0,0,0,0,0,0,0,0,0,0,0,0,0,0,0,0,0,0,0,0,0,0,0,0,0,0,0,0
Leptophlebia_vespertina,d__Eukaryota; p__Arthropoda; c__Insecta; o__Ephemeroptera; f__Leptophlebiidae; g__Leptophlebia; s__Leptophlebia_vespertina,Ephemeroptera,0,0,0,0,0,0,0,0,0,0,0,0,0,0,0,0,0,0,0,0,0,0,0,0,0,0,0,0,0,0,0,0,0,0,0,0,0,0,0,0,0,0,0,0,0,0,0,0,0,0,0,0,0,0,0,0,0,0,0,0
Paraleptophlebia_submarginata,d__Eukaryota; p__Arthropoda; c__Insecta; o__Ephemeroptera; f__Leptophlebiidae; g__Paraleptophlebia; s__Paraleptophlebia_submarginata,Ephemeroptera,0,0,0,0,0,0,0,0,0,0,0,0,0,0,0,0,0,0,3,0,0,0,0,0,0,0,0,0,0,0,0,0,0,0,0,0,0,0,0,0,0,0,0,0,0,0,0,0,0,0,0,0,0,4,0,0,0,0,0,0
Hesperocorixa_sahlbergi,d__Eukaryota; p__Arthropoda; c__Insecta; o__Hemiptera; f__Corixidae; g__Hesperocorixa; s__Hesperocorixa_sahlbergi,Hemiptera,0,0,0,0,0,0,0,0,0,0,0,0,0,0,0,0,0,0,0,0,0,0,0,0,0,0,0,0,0,0,0,0,0,0,0,0,0,0,0,0,0,0,0,0,0,0,0,0,0,0,0,0,0,0,0,0,0,0,0,0
Sialis_lutaria,d__Eukaryota; p__Arthropoda; c__Insecta; o__Megaloptera; f__Sialidae; g__Sialis; s__Sialis_lutaria,Megaloptera,0,0,0,0,0,0,0,0,0,0,0,0,0,0,0,0,0,0,0,0,0,0,0,0,0,0,0,0,0,0,0,0,0,0,0,0,0,0,0,0,0,0,0,0,0,0,0,0,0,0,0,0,0,0,0,0,0,0,0,0
Sisyra_terminalis,d__Eukaryota; p__Arthropoda; c__Insecta; o__Neuroptera; f__Sisyridae; g__Sisyra; s__Sisyra_terminalis,Neuroptera,0,0,0,0,517,3,0,0,25,0,0,0,0,0,415,79,0,176,292,58,151,486,0,0,0,54,0,0,0,0,0,0,0,0,121,0,406,0,0,0,0,0,0,90,29,0,0,0,0,0,0,0,0,0,0,0,0,0,0,0
Cordulegaster_boltonii,d__Eukaryota; p__Arthropoda; c__Insecta; o__Odonata; f__Cordulegastridae; g__Cordulegaster; s__Cordulegaster_boltonii,Odonata,0,0,0,0,0,0,0,0,0,0,0,0,0,0,0,0,0,0,0,0,0,0,0,0,0,0,0,0,0,0,0,0,0,0,0,0,0,0,0,0,0,0,0,0,0,0,0,0,0,0,0,0,0,0,0,0,0,0,0,0
Leuctra_fusca,d__Eukaryota; p__Arthropoda; c__Insecta; o__Plecoptera; f__Leuctridae; g__Leuctra; s__Leuctra_fusca,Plecoptera,0,0,0,0,0,0,0,0,0,0,0,0,0,0,0,0,0,0,0,0,0,0,0,0,0,0,0,0,0,0,0,0,0,0,0,0,0,0,0,0,0,0,0,0,0,0,0,0,0,0,0,0,0,0,0,0,0,0,0,0
Leuctra_hippopus,d__Eukaryota; p__Arthropoda; c__Insecta; o__Plecoptera; f__Leuctridae; g__Leuctra; s__Leuctra_hippopus,Plecoptera,0,0,0,0,0,0,0,0,0,0,0,0,0,0,0,0,0,0,0,0,0,0,0,0,0,0,0,0,0,0,0,0,0,0,0,0,0,0,0,0,0,0,3,0,0,0,0,0,0,0,0,0,0,0,0,0,0,0,0,0
Amphinemura_sulcicollis,d__Eukaryota; p__Arthropoda; c__Insecta; o__Plecoptera; f__Nemouridae; g__Amphinemura; s__Amphinemura_sulcicollis,Plecoptera,0,0,0,0,0,0,0,0,0,0,0,0,0,0,0,0,0,0,0,0,0,0,0,0,0,0,0,0,0,0,0,0,0,0,0,0,0,0,0,0,0,0,0,0,0,0,0,0,0,0,0,0,0,0,0,0,0,0,0,0
Nemoura_avicularis,d__Eukaryota; p__Arthropoda; c__Insecta; o__Plecoptera; f__Nemouridae; g__Nemoura; s__Nemoura_avicularis,Plecoptera,0,0,0,0,0,0,0,0,0,0,0,0,0,0,0,0,0,0,0,0,0,0,0,0,0,0,0,0,0,0,0,0,0,0,0,0,0,0,0,0,0,0,0,0,0,0,0,0,0,0,0,0,0,0,0,0,0,0,0,0
Nemoura_cinerea,d__Eukaryota; p__Arthropoda; c__Insecta; o__Plecoptera; f__Nemouridae; g__Nemoura; s__Nemoura_cinerea,Plecoptera,0,0,0,0,0,0,0,0,0,0,0,0,0,0,0,0,0,0,0,0,0,0,0,0,0,0,0,0,0,0,0,0,0,0,0,0,0,0,0,0,0,0,0,0,0,0,0,0,0,0,0,0,0,0,0,0,0,0,0,0
Nemurella_pictetii,d__Eukaryota; p__Arthropoda; c__Insecta; o__Plecoptera; f__Nemouridae; g__Nemurella; s__Nemurella_pictetii,Plecoptera,0,0,0,0,0,0,0,0,0,0,0,0,0,0,0,0,0,0,0,0,0,0,0,0,0,0,0,0,0,0,0,0,0,0,0,0,0,0,0,0,0,0,0,0,0,0,0,0,0,0,0,0,0,0,0,0,0,0,0,0
Protonemura_meyeri,d__Eukaryota; p__Arthropoda; c__Insecta; o__Plecoptera; f__Nemouridae; g__Protonemura; s__Protonemura_meyeri,Plecoptera,0,0,0,0,0,0,0,0,0,0,0,0,0,0,0,0,0,0,0,0,0,0,0,0,0,0,0,0,0,0,0,0,0,0,0,0,0,0,0,0,0,0,7,0,0,0,0,0,0,0,0,0,0,0,0,0,0,0,0,0
Dinocras_cephalotes,d__Eukaryota; p__Arthropoda; c__Insecta; o__Plecoptera; f__Perlidae; g__Dinocras; s__Dinocras_cephalotes,Plecoptera,0,0,0,0,0,0,0,0,0,0,0,0,0,0,0,0,0,0,0,0,0,0,0,0,0,0,0,0,0,0,0,0,0,0,0,0,0,0,0,0,0,0,0,0,0,0,0,0,0,0,0,0,0,0,0,0,0,0,0,0
Isoperla_grammatica,d__Eukaryota; p__Arthropoda; c__Insecta; o__Plecoptera; f__Perlodidae; g__Isoperla; s__Isoperla_grammatica,Plecoptera,0,0,0,0,0,0,0,0,0,0,0,0,0,0,0,0,0,0,0,0,0,0,0,0,0,0,0,0,0,0,0,0,0,0,0,0,0,0,0,0,0,0,0,0,0,0,0,0,0,0,0,0,0,0,0,0,0,0,0,0
Brachyptera_risi,d__Eukaryota; p__Arthropoda; c__Insecta; o__Plecoptera; f__Taeniopterygidae; g__Brachyptera; s__Brachyptera_risi,Plecoptera,0,0,0,0,0,0,0,0,0,0,0,0,0,0,0,0,0,0,0,0,0,0,0,0,0,0,0,0,0,0,0,0,0,0,0,0,0,0,0,0,0,0,0,0,0,0,0,0,0,0,0,0,0,0,0,0,0,0,0,0
Beraea_pullata,d__Eukaryota; p__Arthropoda; c__Insecta; o__Trichoptera; f__Beraeidae; g__Beraea; s__Beraea_pullata,Trichoptera,0,0,0,0,0,0,0,0,0,0,0,0,0,0,0,0,0,0,0,0,0,0,0,0,0,0,0,0,0,0,0,0,0,0,0,0,0,0,0,0,0,0,0,0,0,0,0,0,0,0,0,0,0,0,0,0,0,0,0,0
Silo_pallipes,d__Eukaryota; p__Arthropoda; c__Insecta; o__Trichoptera; f__Goeridae; g__Silo; s__Silo_pallipes,Trichoptera,0,0,0,0,0,0,0,0,0,0,0,0,0,0,0,0,0,0,0,0,0,0,0,0,0,0,0,0,0,0,0,0,0,0,9,0,0,0,0,0,0,0,0,0,0,0,0,0,0,0,0,0,0,0,0,0,0,0,0,0
Hydroptila_lotensis,d__Eukaryota; p__Arthropoda; c__Insecta; o__Trichoptera; f__Hydroptilidae; g__Hydroptila; s__Hydroptila_lotensis,Trichoptera,0,0,0,0,0,0,0,0,0,0,0,0,0,0,0,0,0,0,0,0,15,0,0,0,0,0,0,0,0,0,0,0,0,0,0,0,0,21,0,0,0,0,0,0,0,0,0,0,0,0,0,0,0,0,0,0,0,0,0,0
Crunoecia_irrorata,d__Eukaryota; p__Arthropoda; c__Insecta; o__Trichoptera; f__Lepidostomatidae; g__Crunoecia; s__Crunoecia_irrorata,Trichoptera,0,0,0,0,0,0,0,0,0,0,0,0,0,0,0,0,0,0,0,0,0,0,0,0,0,0,0,0,0,0,0,0,0,0,0,0,0,0,0,0,0,0,0,0,0,0,0,0,0,0,0,0,0,0,0,0,0,0,0,0
Lepidostoma_hirtum,d__Eukaryota; p__Arthropoda; c__Insecta; o__Trichoptera; f__Lepidostomatidae; g__Lepidostoma; s__Lepidostoma_hirtum,Trichoptera,0,0,0,0,0,0,0,38,0,0,0,0,0,448,43,0,110,0,154,0,0,0,0,0,0,0,0,0,0,0,0,23,0,0,0,7,132,51,0,0,0,0,0,0,0,0,0,0,0,0,0,0,0,0,0,0,0,0,0,0
Athripsodes_albifrons,d__Eukaryota; p__Arthropoda; c__Insecta; o__Trichoptera; f__Leptoceridae; g__Athripsodes; s__Athripsodes_albifrons,Trichoptera,0,0,0,0,0,0,0,0,0,0,0,0,0,0,0,0,0,0,0,0,0,0,0,0,0,0,0,0,0,0,0,0,0,8,0,0,0,0,0,0,0,0,0,0,0,0,0,0,0,0,0,0,0,0,0,0,0,0,0,0
Athripsodes_cinereus,d__Eukaryota; p__Arthropoda; c__Insecta; o__Trichoptera; f__Leptoceridae; g__Athripsodes; s__Athripsodes_cinereus,Trichoptera,0,0,0,0,0,12,6,0,10,4,0,0,0,0,0,16,3,0,0,0,51,0,0,0,0,0,0,0,0,0,3,0,37,3,0,0,0,3,0,0,0,0,0,0,0,0,0,0,0,0,0,0,0,0,0,0,0,0,0,0
Ceraclea_nigronervosa,d__Eukaryota; p__Arthropoda; c__Insecta; o__Trichoptera; f__Leptoceridae; g__Ceraclea; s__Ceraclea_nigronervosa,Trichoptera,0,0,0,0,0,3,0,0,0,0,0,0,0,0,0,0,0,0,0,0,0,0,0,0,0,0,0,0,0,0,0,0,0,0,0,0,0,0,0,0,0,0,0,0,0,0,0,0,0,0,0,0,0,0,0,0,0,0,0,0
Triaenodes_bicolor,d__Eukaryota; p__Arthropoda; c__Insecta; o__Trichoptera; f__Leptoceridae; g__Triaenodes; s__Triaenodes_bicolor,Trichoptera,0,0,0,0,0,0,0,0,0,0,0,0,0,0,0,0,0,0,0,0,0,0,0,0,0,0,0,0,0,0,0,0,0,0,0,0,0,0,0,0,0,0,0,0,0,0,0,0,0,0,0,0,0,0,0,0,0,0,0,0
Anabolia_nervosa,d__Eukaryota; p__Arthropoda; c__Insecta; o__Trichoptera; f__Limnephilidae; g__Anabolia; s__Anabolia_nervosa,Trichoptera,0,0,0,0,0,0,0,0,0,0,0,0,0,0,0,0,0,0,0,0,0,0,0,0,0,0,0,0,0,0,0,0,0,0,0,0,0,0,0,0,0,0,0,0,0,0,0,0,0,0,0,0,0,0,0,0,0,0,0,0
Chaetopteryx_villosa,d__Eukaryota; p__Arthropoda; c__Insecta; o__Trichoptera; f__Limnephilidae; g__Chaetopteryx; s__Chaetopteryx_villosa,Trichoptera,0,0,0,0,0,0,0,0,0,0,0,0,0,0,0,0,0,0,0,0,0,0,0,0,0,0,0,0,0,0,0,0,41,0,0,0,0,0,0,0,0,0,0,0,0,0,0,0,0,0,0,0,0,0,0,0,0,0,0,0
Drusus_annulatus,d__Eukaryota; p__Arthropoda; c__Insecta; o__Trichoptera; f__Limnephilidae; g__Drusus; s__Drusus_annulatus,Trichoptera,0,0,0,0,0,0,0,0,0,0,0,0,0,0,0,0,0,0,0,0,0,0,0,0,0,0,0,0,0,0,0,0,0,0,0,0,0,0,0,0,0,0,0,0,0,0,0,0,0,0,0,0,0,0,0,0,0,0,0,0
Ecclisopteryx_guttulata,d__Eukaryota; p__Arthropoda; c__Insecta; o__Trichoptera; f__Limnephilidae; g__Ecclisopteryx; s__Ecclisopteryx_guttulata,Trichoptera,0,0,0,0,0,0,0,0,0,0,0,0,0,0,0,0,0,0,0,0,0,0,0,0,0,0,0,0,0,0,0,0,0,0,0,0,0,0,0,0,0,0,0,0,0,0,0,0,0,0,0,0,0,0,0,0,0,0,0,0
Glyphotaelius_pellucidus,d__Eukaryota; p__Arthropoda; c__Insecta; o__Trichoptera; f__Limnephilidae; g__Glyphotaelius; s__Glyphotaelius_pellucidus,Trichoptera,0,0,0,0,0,0,0,19,0,0,0,74,0,0,0,0,0,0,0,0,0,0,0,0,0,0,0,0,0,0,0,0,0,0,0,0,0,0,0,0,0,0,0,0,0,0,0,0,0,0,0,0,0,0,0,0,0,0,0,0
Halesus_digitatus,d__Eukaryota; p__Arthropoda; c__Insecta; o__Trichoptera; f__Limnephilidae; g__Halesus; s__Halesus_digitatus,Trichoptera,0,0,0,0,0,0,0,0,0,0,0,25,0,0,0,0,0,0,0,0,0,0,0,0,0,0,0,96,0,0,0,0,84,0,0,0,0,0,0,0,0,0,0,0,0,0,0,0,0,0,0,0,0,0,0,0,0,0,0,0
Halesus_radiatus,d__Eukaryota; p__Arthropoda; c__Insecta; o__Trichoptera; f__Limnephilidae; g__Halesus; s__Halesus_radiatus,Trichoptera,0,0,0,0,0,0,0,0,0,0,0,0,3,0,0,0,43,11,0,0,0,0,0,0,0,0,0,0,0,0,0,0,0,6,0,0,0,0,0,0,0,0,0,0,0,0,0,0,0,0,0,0,0,0,0,0,0,0,0,0
Limnephilus_extricatus,d__Eukaryota; p__Arthropoda; c__Insecta; o__Trichoptera; f__Limnephilidae; g__Limnephilus; s__Limnephilus_extricatus,Trichoptera,0,0,0,0,0,0,0,0,0,0,0,0,0,0,0,0,0,0,0,0,0,0,0,0,0,0,0,0,0,0,0,0,0,0,0,0,0,0,0,0,0,0,0,0,0,0,0,0,0,0,0,0,0,0,0,0,0,0,0,0
Limnephilus_flavicornis,d__Eukaryota; p__Arthropoda; c__Insecta; o__Trichoptera; f__Limnephilidae; g__Limnephilus; s__Limnephilus_flavicornis,Trichoptera,0,0,0,0,0,0,0,0,0,0,0,0,0,0,0,0,0,0,0,0,0,0,0,0,0,0,0,0,0,0,0,0,0,0,0,0,0,0,0,0,0,0,0,0,0,0,0,0,0,0,0,0,0,0,0,0,0,0,0,0
Limnephilus_ignavus,d__Eukaryota; p__Arthropoda; c__Insecta; o__Trichoptera; f__Limnephilidae; g__Limnephilus; s__Limnephilus_ignavus,Trichoptera,0,0,0,0,0,0,0,0,0,0,0,0,0,0,0,0,0,0,0,0,0,0,0,0,0,0,0,0,0,0,0,0,0,0,0,0,0,0,0,0,0,0,0,0,0,0,0,0,0,0,0,0,0,0,0,0,0,0,0,0
Limnephilus_marmoratus,d__Eukaryota; p__Arthropoda; c__Insecta; o__Trichoptera; f__Limnephilidae; g__Limnephilus; s__Limnephilus_marmoratus,Trichoptera,0,0,0,0,0,0,0,0,0,0,0,0,0,0,0,0,0,0,0,0,0,0,0,0,0,0,0,0,0,0,0,0,0,0,0,0,0,0,0,0,0,0,0,0,0,0,0,0,0,0,0,0,0,0,0,0,0,0,0,0
Micropterna_lateralis,d__Eukaryota; p__Arthropoda; c__Insecta; o__Trichoptera; f__Limnephilidae; g__Micropterna; s__Micropterna_lateralis,Trichoptera,0,0,0,0,0,0,0,0,0,0,0,0,0,0,0,0,0,0,0,0,0,0,0,0,0,0,0,0,0,0,0,0,0,0,0,0,0,0,0,0,0,0,0,0,0,0,0,0,0,0,0,0,0,0,0,0,0,0,0,0
Potamophylax_cingulatus,d__Eukaryota; p__Arthropoda; c__Insecta; o__Trichoptera; f__Limnephilidae; g__Potamophylax; s__Potamophylax_cingulatus,Trichoptera,0,0,0,0,0,0,0,0,0,0,0,0,0,0,0,0,0,0,0,0,0,0,0,0,0,0,0,0,0,0,0,44,0,0,0,0,0,0,0,0,0,0,0,0,0,0,0,0,0,0,0,0,0,3,0,0,0,0,0,0
Potamophylax_latipennis,d__Eukaryota; p__Arthropoda; c__Insecta; o__Trichoptera; f__Limnephilidae; g__Potamophylax; s__Potamophylax_latipennis,Trichoptera,0,0,0,0,0,0,0,0,0,0,0,0,0,0,0,0,0,0,0,0,0,0,0,0,0,0,0,0,0,0,0,0,0,0,0,0,0,0,0,0,0,0,0,0,0,0,0,0,0,0,0,0,0,0,0,0,0,0,0,0
Stenophylax_permistus,d__Eukaryota; p__Arthropoda; c__Insecta; o__Trichoptera; f__Limnephilidae; g__Stenophylax; s__Stenophylax_permistus,Trichoptera,0,0,0,0,0,0,0,0,0,0,0,0,0,0,0,0,0,0,0,0,0,0,0,0,0,0,0,0,0,0,0,0,0,0,0,0,0,0,0,0,0,0,0,0,0,0,0,0,0,0,0,0,0,0,0,0,0,0,0,0
Molanna_angustata,d__Eukaryota; p__Arthropoda; c__Insecta; o__Trichoptera; f__Molannidae; g__Molanna; s__Molanna_angustata,Trichoptera,0,0,0,0,0,0,0,0,0,0,0,0,0,0,0,0,0,0,0,0,0,0,0,0,0,0,0,0,0,0,0,0,0,0,0,3,0,0,0,0,0,0,0,0,0,0,0,0,0,0,0,0,0,0,0,0,0,0,0,0
Odontocerum_albicorne,d__Eukaryota; p__Arthropoda; c__Insecta; o__Trichoptera; f__Odontoceridae; g__Odontocerum; s__Odontocerum_albicorne,Trichoptera,0,0,0,0,0,0,0,0,0,0,0,0,0,0,0,0,0,0,0,0,0,0,0,0,0,0,0,0,0,0,0,0,0,0,0,0,0,6,0,0,0,0,0,0,0,0,0,0,0,0,0,0,0,0,0,0,0,0,0,0
Philopotamus_montanus,d__Eukaryota; p__Arthropoda; c__Insecta; o__Trichoptera; f__Philopotamidae; g__Philopotamus; s__Philopotamus_montanus,Trichoptera,0,0,0,0,0,0,0,0,0,0,0,0,0,0,0,0,0,0,0,0,0,0,0,0,0,0,0,0,0,0,0,0,0,0,0,0,0,0,0,0,0,0,0,0,0,0,0,0,0,0,0,0,0,0,0,0,0,0,0,0
Wormaldia_mediana,d__Eukaryota; p__Arthropoda; c__Insecta; o__Trichoptera; f__Philopotamidae; g__Wormaldia; s__Wormaldia_mediana,Trichoptera,0,0,0,0,0,0,0,0,0,0,0,0,0,0,0,0,0,0,0,0,0,0,0,0,0,0,0,0,0,0,0,0,0,0,0,0,0,0,0,0,0,0,0,0,0,0,0,0,0,0,0,0,0,0,0,0,0,0,0,0
Wormaldia_occipitalis,d__Eukaryota; p__Arthropoda; c__Insecta; o__Trichoptera; f__Philopotamidae; g__Wormaldia; s__Wormaldia_occipitalis,Trichoptera,0,0,0,0,0,0,0,0,0,0,0,0,0,0,0,0,0,0,0,0,0,0,0,0,0,0,0,0,0,0,0,0,0,0,0,0,0,0,0,0,0,0,0,0,0,0,0,0,0,0,0,0,0,0,0,0,0,0,0,0
Wormaldia_subnigra,d__Eukaryota; p__Arthropoda; c__Insecta; o__Trichoptera; f__Philopotamidae; g__Wormaldia; s__Wormaldia_subnigra,Trichoptera,0,0,0,0,0,0,0,0,0,0,0,0,0,0,0,0,0,0,0,0,0,0,0,0,0,0,0,0,0,0,0,0,0,0,0,0,0,0,0,0,0,0,0,0,0,0,0,0,0,0,0,0,0,0,0,0,0,0,0,0
Agrypnia_varia,d__Eukaryota; p__Arthropoda; c__Insecta; o__Trichoptera; f__Phryganeidae; g__Agrypnia; s__Agrypnia_varia,Trichoptera,0,0,0,0,0,0,0,0,0,0,0,0,0,0,0,0,0,0,0,0,0,0,0,0,0,0,0,0,0,0,0,0,0,0,0,0,0,0,0,0,0,0,0,0,0,0,0,0,0,0,0,0,0,0,0,0,0,0,0,0
Rhyacophila_obliterata,d__Eukaryota; p__Arthropoda; c__Insecta; o__Trichoptera; f__Rhyacophilidae; g__Rhyacophila; s__Rhyacophila_obliterata,Trichoptera,0,0,0,0,0,0,0,0,0,0,0,0,0,0,0,0,0,0,0,0,0,0,0,0,0,0,0,0,0,0,0,0,0,0,0,0,0,0,0,0,0,0,0,0,0,0,0,0,0,0,0,0,0,0,0,0,0,0,0,0
Gammarus_zaddachi,d__Eukaryota; p__Arthropoda; c__Malacostraca; o__Amphipoda; f__Gammaridae; g__Gammarus; s__Gammarus_zaddachi,Amphipoda,0,121,0,37,3,4,0,0,0,0,0,0,0,0,0,0,0,0,0,0,0,0,0,0,0,0,0,0,0,0,0,0,0,0,0,0,0,0,0,3,0,34,0,6,12,0,0,0,0,0,0,0,0,0,0,0,0,0,0,0
Pacifastacus_leniusculus,d__Eukaryota; p__Arthropoda; c__Malacostraca; o__Decapoda; f__Astacidae; g__Pacifastacus; s__Pacifastacus_leniusculus,Decapoda,0,0,0,0,0,0,0,0,0,0,106,0,0,0,125,0,173,298,0,109,97,0,0,11,0,0,0,0,0,0,0,0,0,360,0,0,0,24,0,0,0,0,0,0,0,0,0,0,0,0,0,0,0,0,0,0,0,0,0,0
Eriocheir_sinensis,d__Eukaryota; p__Arthropoda; c__Malacostraca; o__Decapoda; f__Varunidae; g__Eriocheir; s__Eriocheir_sinensis,Decapoda,0,0,0,0,24,0,9,0,0,0,0,0,0,0,0,0,0,0,0,0,0,0,0,0,0,0,0,0,0,0,0,0,0,0,0,0,0,0,0,0,0,0,0,0,0,0,0,0,0,0,0,0,0,0,0,0,0,0,0,0
Cypridopsis_vidua,d__Eukaryota; p__Arthropoda; c__Ostracoda; o__Podocopida; f__Cyprididae; g__Cypridopsis; s__Cypridopsis_vidua,Podocopida,0,0,0,0,0,0,0,0,0,0,0,0,0,0,0,0,0,0,0,0,0,0,0,0,0,0,0,0,0,0,0,0,120,0,0,120,164,0,0,0,0,0,0,0,0,0,0,0,0,0,0,0,0,0,0,0,0,0,0,0
Eucypris_virens,d__Eukaryota; p__Arthropoda; c__Ostracoda; o__Podocopida; f__Cyprididae; g__Eucypris; s__Eucypris_virens,Podocopida,0,0,0,0,0,0,0,0,0,0,0,0,0,0,0,0,0,0,0,0,0,0,0,0,0,0,0,0,0,3,0,0,0,0,0,0,0,0,0,0,0,0,0,0,0,0,0,0,0,0,0,0,0,0,0,0,0,0,0,0
Heterocypris_incongruens,d__Eukaryota; p__Arthropoda; c__Ostracoda; o__Podocopida; f__Cyprididae; g__Heterocypris; s__Heterocypris_incongruens,Podocopida,0,0,0,0,0,0,0,0,0,0,0,0,0,0,0,0,0,0,0,0,0,0,0,0,0,0,0,0,0,0,0,11,0,0,0,0,0,0,0,0,0,0,0,0,0,0,0,0,0,0,0,0,0,0,0,0,0,0,0,0
Anodonta_anatina,d__Eukaryota; p__Mollusca; c__Bivalvia; o__Unionida; f__Unionidae; g__Anodonta; s__Anodonta_anatina,Unionida,0,0,0,0,0,0,0,508,386,507,1017,1176,1843,876,1084,425,529,587,455,481,417,375,0,501,216,387,0,1339,1167,224,875,984,663,431,753,659,2464,915,0,0,0,0,0,7,0,0,0,0,0,0,0,0,0,0,0,0,0,0,0,0
Pseudanodonta_complanata,d__Eukaryota; p__Mollusca; c__Bivalvia; o__Unionida; f__Unionidae; g__Pseudanodonta; s__Pseudanodonta_complanata,Unionida,0,0,0,0,0,0,0,213,251,40,407,401,556,57,370,37,140,26,0,0,18,0,0,81,43,80,0,384,307,47,323,306,108,158,68,64,66,62,0,0,0,0,0,0,0,0,0,0,0,0,0,0,0,0,0,0,0,0,0,0
Unio_pictorum,d__Eukaryota; p__Mollusca; c__Bivalvia; o__Unionida; f__Unionidae; g__Unio; s__Unio_pictorum,Unionida,0,0,0,0,41,142,55,170,273,45,281,231,530,212,209,227,46,81,15,87,18,50,0,122,85,139,0,240,317,28,135,197,150,322,44,60,186,105,0,0,0,0,0,0,0,0,0,0,0,0,0,0,0,0,0,0,0,0,0,0
Unio_tumidus,d__Eukaryota; p__Mollusca; c__Bivalvia; o__Unionida; f__Unionidae; g__Unio; s__Unio_tumidus,Unionida,0,0,0,0,156,173,77,0,0,0,0,12,0,0,0,0,0,0,0,0,0,0,0,0,0,0,0,3,8,0,0,0,0,0,0,0,0,0,0,0,0,0,39,3,0,0,0,0,0,0,0,0,0,0,0,0,0,0,0,0
Ampullaceana_balthica,d__Eukaryota; p__Mollusca; c__Gastropoda; o__unknown; f__Lymnaeidae; g__Ampullaceana; s__Ampullaceana_balthica,Gastropoda,0,1305,448,505,733,955,387,85,35,10,511,153,167,358,235,144,3,30,3,289,153,60,0,41,17,37,0,31,250,16,472,277,77,4,20,322,1100,735,0,195,51,43,2715,1609,2655,0,0,0,0,0,0,0,0,0,0,0,0,0,0,0
Radix_auricularia,d__Eukaryota; p__Mollusca; c__Gastropoda; o__unknown; f__Lymnaeidae; g__Radix; s__Radix_auricularia,Gastropoda,0,0,0,0,0,0,0,0,0,0,0,0,0,0,0,0,0,7,0,0,0,0,0,0,0,0,0,0,0,0,0,0,3,6,0,5,0,0,0,0,0,0,0,0,0,0,0,0,0,0,0,0,0,0,0,0,0,0,0,0
Physella_acuta,d__Eukaryota; p__Mollusca; c__Gastropoda; o__unknown; f__Physidae; g__Physella; s__Physella_acuta,Gastropoda,0,0,0,0,0,0,0,0,0,0,0,0,0,0,0,0,0,0,0,0,0,0,0,0,0,0,0,0,0,0,0,0,0,0,0,0,0,0,0,0,0,3,0,0,0,0,0,0,0,0,0,0,0,0,0,0,0,0,0,0
Agabus,d__Eukaryota; p__Arthropoda; c__Insecta; o__Coleoptera; f__Dytiscidae; g__Agabus,Coleoptera,0,0,0,0,0,0,0,0,0,0,0,0,0,0,0,0,0,0,0,0,0,0,0,0,0,0,0,0,0,0,0,0,0,0,0,0,0,0,0,0,0,0,0,0,0,0,0,0,0,0,0,0,0,0,0,0,0,0,0,0
Dytiscus,d__Eukaryota; p__Arthropoda; c__Insecta; o__Coleoptera; f__Dytiscidae; g__Dytiscus,Coleoptera,0,0,0,0,0,0,0,0,0,0,0,0,0,0,0,0,0,0,0,0,0,0,0,0,0,0,0,0,0,0,0,0,0,0,0,0,0,0,0,0,0,0,0,0,0,0,0,0,0,0,0,0,0,0,0,0,0,0,0,0
Contacyphon,d__Eukaryota; p__Arthropoda; c__Insecta; o__Coleoptera; f__Scirtidae; g__Contacyphon,Coleoptera,0,0,0,0,0,0,0,0,0,0,0,0,0,0,0,0,0,0,0,0,0,0,0,0,0,0,0,0,0,0,0,0,0,0,0,0,0,0,0,0,0,0,0,0,0,0,0,0,0,0,0,0,0,0,0,0,0,0,0,0
Lucilia,d__Eukaryota; p__Arthropoda; c__Insecta; o__Diptera; f__Calliphoridae; g__Lucilia,Diptera,0,0,0,0,0,0,0,0,0,0,0,0,0,0,0,0,0,0,0,0,0,0,0,0,0,0,0,0,0,0,0,0,0,0,0,0,0,0,0,0,0,0,0,0,0,0,0,0,0,0,0,0,0,0,0,0,0,0,0,0
Helina,d__Eukaryota; p__Arthropoda; c__Insecta; o__Diptera; f__Muscidae; g__Helina,Diptera,0,0,0,0,0,0,0,0,0,0,0,0,0,0,0,0,0,0,0,0,0,0,0,0,0,0,0,0,0,0,0,0,0,0,0,0,0,0,0,0,0,0,0,0,0,0,0,0,0,0,0,0,0,0,0,0,0,0,0,0
Simulium,d__Eukaryota; p__Arthropoda; c__Insecta; o__Diptera; f__Simuliidae; g__Simulium,Diptera,0,0,0,0,0,0,0,0,0,3,10,4,3,353,208,77,52,57,54,3,929,0,0,0,5,10,0,0,0,11,44,134,47,115,4,9,154,4,0,0,0,0,25,0,0,0,0,0,0,0,0,0,0,0,0,0,0,0,0,0
Limnephilus,d__Eukaryota; p__Arthropoda; c__Insecta; o__Trichoptera; f__Limnephilidae; g__Limnephilus,Trichoptera,0,0,0,0,0,0,0,0,0,0,0,0,0,37,0,0,21,0,0,0,0,0,0,0,0,0,0,0,0,0,0,0,0,0,0,0,0,0,0,0,0,0,0,0,0,0,0,0,0,0,0,0,0,0,0,0,0,0,0,0
Calliphoridae,d__Eukaryota; p__Arthropoda; c__Insecta; o__Diptera; f__Calliphoridae,Diptera,0,0,0,0,0,0,0,0,0,0,0,0,0,0,0,0,0,0,0,0,0,0,0,0,0,0,0,0,0,0,0,0,0,0,0,0,0,0,0,0,0,0,0,0,0,0,0,0,0,0,0,0,0,0,0,0,0,0,0,0
Chironomidae,d__Eukaryota; p__Arthropoda; c__Insecta; o__Diptera; f__Chironomidae,Diptera,0,0,0,0,0,0,0,38,0,0,27,28,80,96,366,1242,0,0,0,0,0,0,0,26,160,108,0,1365,554,302,1600,912,172,202,257,32,347,0,0,0,0,0,0,0,79,0,0,0,0,0,0,0,0,0,0,0,0,0,0,0
unassigned,u__unassigned,u__unassigned,0,96183,67286,66378,196977,180749,105984,163304,113132,114025,62878,72621,156740,73237,80782,56713,76396,102740,56099,94526,74431,83365,4,121073,94473,90696,179345,154103,126567,117293,133944,120293,127371,106044,68010,68972,179523,129859,6,92755,52306,73310,181479,130925,156817,23,3,0,0,0,0,0,3,0,3,4,0,0,12,7
