"X.OTU_ID","CSNeg.1","CSNeg.2","CSNeg.3","CSNeg.4","NEG01","NEG02","NEG03","POS01","POS02","POS03","SE.01","SE.02","SE.03","SE.04","SE.05","SE.06","SE.07","SE.08","SE.09","SE.10","SE.11","SE.12","SE.13","SE.14","SE.15","SE.16","SE.17","SE.18","SE.19","SE.20","SE.21","SE.22","SE.23","SE.24","SE.25","SE.26","SE.27","SE.28","SE.29","SE.30","SE.31","SE.32","SE.33","SE.34","SE.35","SE.36","SE.37","SE.38","SE.39","SE.40","SE.41","SE.42","SE.43","SE.44","SE.45","SE.46","SE.47","SE.48","SE.49","SE.50","SE.51","SE.52","SE.53","SE.54","SE.55","SE.56","SE.57","SE.58","SE.59","SE.60","SE.61","SE.62","SE.63","taxonomy"
"Allolobophora_chlorotica",0,0,0,0,0,0,0,0,0,0,0,0,0,0,0,0,0,0,0,0,0,0,0,0,0,0,0,0,0,0,0,0,0,0,0,0,0,0,0,0,0,0,0,0,0,0,0,0,0,0,0,0,0,0,0,0,0,0,0,0,0,0,0,0,0,0,0,0,0,0,0,0,0,"d__Eukaryota; p__Annelida; c__Clitellata; o__Crassiclitellata; f__Lumbricidae; g__Allolobophora; s__Allolobophora_chlorotica"
"Lumbricus_rubellus",0,0,0,0,0,0,0,0,0,0,0,0,0,0,3,0,0,0,0,0,0,0,3,0,0,0,0,0,0,0,0,0,0,0,0,0,0,0,0,0,0,0,0,0,140,0,0,0,0,0,0,0,0,0,0,0,0,0,0,0,0,0,0,0,0,0,0,0,0,0,0,0,0,"d__Eukaryota; p__Annelida; c__Clitellata; o__Crassiclitellata; f__Lumbricidae; g__Lumbricus; s__Lumbricus_rubellus"
"Octolasion_cyaneum",0,0,0,0,0,0,0,0,0,0,0,0,25,0,0,0,0,0,0,0,0,0,0,0,0,0,0,0,0,0,0,0,0,0,0,0,0,0,0,0,0,0,0,470,11,103,4,129,94,3,22,39,0,0,0,0,0,0,0,0,0,41,0,0,0,0,0,0,0,0,0,0,0,"d__Eukaryota; p__Annelida; c__Clitellata; o__Crassiclitellata; f__Lumbricidae; g__Octolasion; s__Octolasion_cyaneum"
"Octolasion_lacteum",0,0,0,0,0,0,0,0,0,0,0,0,0,0,0,17,0,0,0,0,0,0,0,0,0,0,0,0,0,0,0,0,0,0,0,0,0,0,0,0,0,0,0,6,278,34,0,68,14,117,0,0,0,0,0,31,0,0,0,0,0,0,0,0,0,0,0,0,0,0,0,0,0,"d__Eukaryota; p__Annelida; c__Clitellata; o__Crassiclitellata; f__Lumbricidae; g__Octolasion; s__Octolasion_lacteum"
"Fridericia_bisetosa",0,0,0,0,0,0,0,0,0,0,0,0,0,0,0,0,0,0,0,0,0,0,0,0,0,0,0,0,0,0,0,0,0,0,0,0,0,0,0,0,0,0,0,79,0,0,0,0,0,0,0,0,0,0,0,0,0,0,0,0,0,0,0,0,0,0,0,0,0,0,0,0,0,"d__Eukaryota; p__Annelida; c__Clitellata; o__Enchytraeida; f__Enchytraeidae; g__Fridericia; s__Fridericia_bisetosa"
"Henlea_perpusilla",0,0,0,0,0,0,0,0,0,0,0,0,0,0,0,0,0,0,0,0,0,0,0,0,0,0,0,0,0,0,0,0,0,0,0,0,0,0,0,0,0,0,0,0,0,0,0,0,0,0,0,0,0,0,0,0,0,0,0,0,0,0,0,0,0,0,0,0,0,0,0,0,0,"d__Eukaryota; p__Annelida; c__Clitellata; o__Enchytraeida; f__Enchytraeidae; g__Henlea; s__Henlea_perpusilla"
"Marionina_argentea",0,0,0,0,0,0,0,0,0,0,0,0,0,0,0,0,0,0,0,0,0,0,0,0,0,0,0,0,0,0,0,0,0,0,0,0,0,0,0,0,0,0,0,0,0,0,0,0,0,0,0,0,0,0,0,0,0,0,0,0,0,0,0,0,0,0,0,0,0,0,0,0,0,"d__Eukaryota; p__Annelida; c__Clitellata; o__Enchytraeida; f__Enchytraeidae; g__Marionina; s__Marionina_argentea"
"Lumbriculus_variegatus",0,0,0,0,0,0,0,0,0,0,0,0,0,0,0,0,0,0,0,0,0,0,0,23,0,0,0,3,0,0,0,0,0,0,0,0,0,0,0,0,0,0,0,0,26,0,0,0,4,0,0,0,0,0,0,0,0,6,0,0,0,0,0,0,0,3,0,0,0,3,0,0,0,"d__Eukaryota; p__Annelida; c__Clitellata; o__Lumbriculida; f__Lumbriculidae; g__Lumbriculus; s__Lumbriculus_variegatus"
"Sparganophilus_tamesis",0,0,0,0,0,0,0,0,0,0,0,6,0,0,0,0,0,0,0,0,0,0,3,3,0,0,0,0,0,0,0,0,0,0,0,0,0,0,3,0,0,0,0,3,0,0,0,0,0,0,0,0,0,0,0,0,0,0,0,0,0,0,9,3,0,0,0,0,0,0,3,0,0,"d__Eukaryota; p__Annelida; c__Clitellata; o__Lumbriculida; f__Sparganophilidae; g__Sparganophilus; s__Sparganophilus_tamesis"
"Glossiphonia_complanata",0,0,0,0,0,0,0,0,0,0,3,0,0,0,0,0,14,0,39,0,0,0,0,0,0,0,0,0,0,0,0,0,0,0,0,0,0,3,0,0,0,0,0,0,0,15,0,0,0,0,0,0,0,0,0,0,0,0,0,0,0,0,0,3,0,10,0,0,0,0,0,0,3,"d__Eukaryota; p__Annelida; c__Clitellata; o__Rhynchobdellida; f__Glossiphoniidae; g__Glossiphonia; s__Glossiphonia_complanata"
"Aulodrilus_pluriseta",0,0,0,0,0,0,0,0,0,0,0,0,0,0,0,0,0,0,0,0,0,0,0,0,0,0,0,0,0,0,0,0,0,0,0,0,0,0,0,0,0,0,0,0,0,0,0,0,0,0,0,0,0,0,0,0,0,0,0,0,0,0,0,0,0,0,0,0,0,0,0,0,0,"d__Eukaryota; p__Annelida; c__Clitellata; o__Tubificida; f__Naididae; g__Aulodrilus; s__Aulodrilus_pluriseta"
"Chaetogaster_diaphanus",0,0,0,0,0,0,0,0,0,0,0,0,0,0,0,0,0,0,0,0,0,0,0,0,0,0,0,0,0,0,0,0,0,0,0,0,0,0,0,0,0,0,0,3,0,0,0,0,0,0,0,0,0,0,0,0,0,0,0,0,0,0,0,0,0,0,0,0,0,0,0,0,0,"d__Eukaryota; p__Annelida; c__Clitellata; o__Tubificida; f__Naididae; g__Chaetogaster; s__Chaetogaster_diaphanus"
"Chaetogaster_diastrophus",0,0,0,0,0,0,0,0,0,0,0,0,0,0,0,0,0,0,0,0,0,0,0,0,0,0,0,0,0,0,0,0,0,0,0,0,0,0,4,0,0,0,0,0,0,0,0,0,6,0,0,0,0,0,0,0,3,0,0,0,0,0,0,0,0,0,0,0,0,0,0,0,0,"d__Eukaryota; p__Annelida; c__Clitellata; o__Tubificida; f__Naididae; g__Chaetogaster; s__Chaetogaster_diastrophus"
"Limnodrilus_udekemianus",0,0,0,0,0,0,0,0,0,0,0,0,0,0,0,0,0,0,0,0,0,0,0,0,0,0,0,0,0,0,0,0,0,0,0,0,0,0,0,0,0,0,0,0,0,0,0,0,0,0,0,0,0,0,0,0,0,0,0,0,0,0,3,0,0,0,0,0,0,0,0,0,0,"d__Eukaryota; p__Annelida; c__Clitellata; o__Tubificida; f__Naididae; g__Limnodrilus; s__Limnodrilus_udekemianus"
"Nais_alpina",0,0,0,0,0,0,0,0,0,0,0,3,3,50,52,31,0,0,0,0,0,0,0,0,0,24,17,22,7,18,40,27,24,13,0,0,0,0,3,3,0,0,0,3,0,0,0,0,9,3,15,7,0,0,0,0,0,15,0,0,0,4,0,3,14,13,6,3,0,3,0,0,0,"d__Eukaryota; p__Annelida; c__Clitellata; o__Tubificida; f__Naididae; g__Nais; s__Nais_alpina"
"Nais_bretscheri",0,0,0,0,0,0,0,0,0,0,0,0,0,0,0,0,0,0,0,0,0,0,4,3,0,0,0,0,0,0,13,0,0,0,0,0,0,0,9,0,0,0,0,0,0,0,0,0,0,0,0,0,0,0,0,4,0,3,0,0,0,0,0,6,0,3,0,0,0,0,0,0,0,"d__Eukaryota; p__Annelida; c__Clitellata; o__Tubificida; f__Naididae; g__Nais; s__Nais_bretscheri"
"Nais_elinguis",0,0,0,0,0,0,0,0,0,0,0,0,0,0,0,0,0,0,0,0,0,0,0,0,49,0,0,0,0,0,0,0,0,0,0,0,0,0,0,0,0,0,0,0,0,0,0,0,0,0,0,0,0,0,0,0,0,0,0,12,0,0,0,0,0,0,0,0,0,0,0,0,0,"d__Eukaryota; p__Annelida; c__Clitellata; o__Tubificida; f__Naididae; g__Nais; s__Nais_elinguis"
"Ophidonais_serpentina",0,0,0,0,0,0,0,0,0,0,0,0,0,0,0,20,0,0,0,0,0,0,9,0,0,0,0,3,0,0,0,0,0,0,0,3,0,0,0,0,0,0,0,0,6,0,0,32,7,0,0,0,0,0,0,0,0,0,0,0,0,0,0,3,0,0,0,0,0,3,0,7,0,"d__Eukaryota; p__Annelida; c__Clitellata; o__Tubificida; f__Naididae; g__Ophidonais; s__Ophidonais_serpentina"
"Potamothrix_bavaricus",0,0,0,0,0,0,0,0,0,0,0,0,0,0,0,0,0,0,0,0,0,0,0,0,0,0,0,0,0,0,0,0,0,0,0,0,0,0,0,0,0,0,0,0,3,544,0,0,0,0,0,0,0,0,0,0,0,0,0,0,0,0,0,0,0,0,0,0,0,0,0,0,0,"d__Eukaryota; p__Annelida; c__Clitellata; o__Tubificida; f__Naididae; g__Potamothrix; s__Potamothrix_bavaricus"
"Potamothrix_hammoniensis",0,0,0,0,0,0,0,0,0,0,0,0,0,0,0,0,0,0,0,0,0,0,0,0,0,0,0,0,0,0,0,0,0,0,0,0,0,0,0,0,0,0,0,0,0,0,0,0,0,0,0,0,0,0,0,0,0,0,0,0,0,0,0,0,0,0,0,0,0,0,0,0,0,"d__Eukaryota; p__Annelida; c__Clitellata; o__Tubificida; f__Naididae; g__Potamothrix; s__Potamothrix_hammoniensis"
"Psammoryctides_barbatus",0,0,0,0,0,0,0,0,0,0,0,9,0,0,0,0,3,0,23,0,0,0,3,0,0,0,0,0,0,0,0,0,0,0,7,0,0,0,0,0,3,0,0,0,0,0,3,0,0,0,0,0,0,0,0,0,0,0,0,0,26,0,0,0,0,0,0,0,0,0,0,0,0,"d__Eukaryota; p__Annelida; c__Clitellata; o__Tubificida; f__Naididae; g__Psammoryctides; s__Psammoryctides_barbatus"
"Rhyacodrilus_coccineus",0,0,0,0,0,0,0,0,0,0,18,0,0,0,0,28,273,0,0,0,0,0,0,48,0,0,0,0,286,0,0,0,0,0,0,0,0,0,0,0,0,0,0,139,829,0,0,0,0,0,0,0,0,0,0,29,0,0,0,14,0,0,0,0,0,0,0,0,0,69,0,0,0,"d__Eukaryota; p__Annelida; c__Clitellata; o__Tubificida; f__Naididae; g__Rhyacodrilus; s__Rhyacodrilus_coccineus"
"Rhyacodrilus_falciformis",0,0,0,0,0,0,0,0,0,0,0,0,0,0,0,0,0,0,0,0,0,0,0,0,0,0,0,0,0,0,0,0,0,0,0,0,0,0,0,0,0,0,0,0,0,0,0,0,0,0,0,0,0,0,0,0,0,0,0,0,0,0,0,0,0,0,0,0,0,0,0,0,0,"d__Eukaryota; p__Annelida; c__Clitellata; o__Tubificida; f__Naididae; g__Rhyacodrilus; s__Rhyacodrilus_falciformis"
"Spirosperma_ferox",0,0,0,0,0,0,0,0,0,0,0,0,0,0,0,0,0,0,0,0,0,0,0,0,0,0,0,0,4,0,0,0,0,0,0,0,0,0,0,0,0,0,0,0,0,0,0,0,0,0,0,0,0,0,0,0,0,0,0,0,0,0,0,0,0,0,0,0,0,0,0,0,0,"d__Eukaryota; p__Annelida; c__Clitellata; o__Tubificida; f__Naididae; g__Spirosperma; s__Spirosperma_ferox"
"Stylaria_lacustris",0,0,0,0,0,0,0,0,0,0,36,88,28,0,0,0,129,16,90,12,0,14,456,478,227,0,0,9,17,21,30,12,26,6,44,10,39,52,37,25,14,16,0,49,75,112,0,3,12,8,0,0,0,10,158,0,3,4,48,46,68,3,14,0,39,14,18,0,0,3,26,10,31,"d__Eukaryota; p__Annelida; c__Clitellata; o__Tubificida; f__Naididae; g__Stylaria; s__Stylaria_lacustris"
"Tubifex_tubifex",0,0,0,0,0,0,0,0,0,0,0,0,0,0,0,0,0,0,0,0,0,0,0,0,0,0,0,0,0,0,76,0,0,0,0,0,0,0,0,0,0,0,0,6,0,0,0,0,0,0,0,0,0,0,3,0,0,0,0,0,0,0,0,0,0,0,0,0,0,0,4,0,0,"d__Eukaryota; p__Annelida; c__Clitellata; o__Tubificida; f__Naididae; g__Tubifex; s__Tubifex_tubifex"
"Eubosmina_coregoni",0,0,0,0,0,0,0,0,0,0,0,0,0,0,0,0,0,0,0,0,0,0,0,0,0,0,0,0,0,0,0,0,0,0,0,0,0,0,0,0,0,0,0,0,0,0,0,0,0,0,0,0,0,0,0,0,0,0,0,0,0,0,0,0,0,0,0,0,0,0,0,0,0,"d__Eukaryota; p__Arthropoda; c__Branchiopoda; o__Diplostraca; f__Bosminidae; g__Eubosmina; s__Eubosmina_coregoni"
"Daphnia_parvula",0,0,0,0,0,0,0,0,0,0,0,0,0,0,0,0,0,0,0,0,3,0,0,16,0,0,0,0,0,0,0,0,0,0,0,0,0,0,0,0,0,0,0,0,0,0,0,0,0,0,6,0,0,0,0,0,0,0,0,0,0,0,0,3,0,0,0,0,0,0,0,0,0,"d__Eukaryota; p__Arthropoda; c__Branchiopoda; o__Diplostraca; f__Daphniidae; g__Daphnia; s__Daphnia_parvula"
"Eurycercus_lamellatus",0,0,0,0,0,0,0,0,0,0,43,0,0,0,0,0,0,0,0,0,0,0,0,0,83,0,0,0,0,0,0,0,0,0,3,0,0,0,0,0,3,0,0,0,0,0,0,0,0,0,0,0,0,0,13,0,0,0,72,7,3,0,0,0,0,0,0,0,0,0,0,0,0,"d__Eukaryota; p__Arthropoda; c__Branchiopoda; o__Diplostraca; f__Eurycercidae; g__Eurycercus; s__Eurycercus_lamellatus"
"Sida_crystallina",0,0,0,0,0,0,0,0,0,0,0,0,0,0,0,0,0,0,0,0,0,0,0,0,0,0,0,0,0,0,0,0,0,0,0,0,0,0,0,0,0,0,0,0,0,0,0,0,0,0,0,0,0,0,0,0,0,0,0,0,0,0,0,0,0,0,0,0,0,0,0,0,0,"d__Eukaryota; p__Arthropoda; c__Branchiopoda; o__Diplostraca; f__Sididae; g__Sida; s__Sida_crystallina"
"Cyclops_strenuus",0,0,0,0,0,0,0,0,0,0,0,0,0,0,0,0,0,0,0,0,0,0,0,0,0,0,0,0,0,0,0,0,0,0,0,0,0,0,0,0,0,0,0,0,0,0,0,0,0,0,0,0,0,0,0,0,0,0,0,0,0,0,0,0,0,0,0,0,0,0,0,0,0,"d__Eukaryota; p__Arthropoda; c__Hexanauplia; o__Cyclopoida; f__Cyclopidae; g__Cyclops; s__Cyclops_strenuus"
"Acilius_sulcatus",0,0,0,0,0,0,0,0,0,0,0,0,0,0,0,0,0,0,0,0,0,0,0,0,0,0,0,0,0,0,0,0,0,0,0,0,0,0,0,0,0,0,0,0,0,0,0,0,0,0,0,0,0,0,0,0,0,0,0,0,0,0,0,0,0,0,0,0,0,0,0,0,0,"d__Eukaryota; p__Arthropoda; c__Insecta; o__Coleoptera; f__Dytiscidae; g__Acilius; s__Acilius_sulcatus"
"Agabus_arcticus",0,0,0,0,0,0,0,0,0,0,0,0,0,0,0,0,0,0,0,0,0,0,0,0,0,0,0,0,0,0,0,0,0,0,0,0,0,0,0,0,0,0,0,0,0,0,0,0,0,0,0,0,0,0,0,0,0,0,0,0,0,0,0,0,0,0,0,0,0,0,0,0,0,"d__Eukaryota; p__Arthropoda; c__Insecta; o__Coleoptera; f__Dytiscidae; g__Agabus; s__Agabus_arcticus"
"Agabus_nebulosus",0,0,0,0,0,0,0,0,0,0,0,0,0,0,0,0,0,0,0,0,0,0,0,0,0,0,0,0,0,0,0,0,0,0,0,0,0,0,0,0,0,0,0,0,0,0,0,0,0,0,0,0,0,0,0,56,0,0,0,0,0,0,0,0,0,0,0,0,0,0,0,0,0,"d__Eukaryota; p__Arthropoda; c__Insecta; o__Coleoptera; f__Dytiscidae; g__Agabus; s__Agabus_nebulosus"
"Agabus_paludosus",0,0,0,0,0,0,0,0,0,0,0,0,0,0,0,0,0,0,0,0,0,0,0,0,21,0,0,0,0,0,0,0,0,0,0,0,0,0,0,0,0,0,0,0,0,0,0,0,0,0,0,0,0,0,0,0,0,0,0,0,0,0,0,0,0,0,0,0,0,0,0,0,0,"d__Eukaryota; p__Arthropoda; c__Insecta; o__Coleoptera; f__Dytiscidae; g__Agabus; s__Agabus_paludosus"
"Dytiscus_marginalis",0,0,0,0,0,0,0,0,0,0,0,0,0,0,0,0,0,0,0,0,0,0,0,0,0,0,0,0,0,0,0,0,0,0,0,0,0,0,0,0,0,0,0,0,0,0,0,0,0,0,0,0,0,0,0,0,0,0,0,0,0,0,0,0,0,0,0,0,0,0,0,0,0,"d__Eukaryota; p__Arthropoda; c__Insecta; o__Coleoptera; f__Dytiscidae; g__Dytiscus; s__Dytiscus_marginalis"
"Hydroporus_incognitus",0,0,0,0,0,0,0,0,0,0,0,0,0,0,0,0,0,0,0,0,0,0,0,0,0,0,0,0,0,0,0,0,0,0,0,0,0,0,0,0,0,0,0,0,0,0,0,0,0,0,0,0,0,0,0,0,0,0,0,0,0,0,0,0,0,0,0,0,0,0,0,0,0,"d__Eukaryota; p__Arthropoda; c__Insecta; o__Coleoptera; f__Dytiscidae; g__Hydroporus; s__Hydroporus_incognitus"
"Hygrotus_impressopunctatus",0,0,0,0,0,0,0,0,0,0,0,0,0,0,0,0,0,0,0,0,0,0,0,0,0,0,0,0,0,0,0,0,0,0,0,0,0,0,0,0,0,0,0,0,0,0,0,0,0,0,0,0,0,0,0,0,0,0,0,0,0,0,0,0,0,0,0,0,0,0,0,0,0,"d__Eukaryota; p__Arthropoda; c__Insecta; o__Coleoptera; f__Dytiscidae; g__Hygrotus; s__Hygrotus_impressopunctatus"
"Hyphydrus_ovatus",0,0,0,0,0,0,0,0,0,0,0,0,0,0,0,0,0,0,0,0,0,0,0,0,0,0,0,0,0,0,0,0,0,0,0,0,0,0,0,0,0,0,0,0,0,0,0,0,0,0,0,0,0,0,0,0,0,0,0,0,0,0,0,0,0,0,0,0,0,0,0,0,0,"d__Eukaryota; p__Arthropoda; c__Insecta; o__Coleoptera; f__Dytiscidae; g__Hyphydrus; s__Hyphydrus_ovatus"
"Nebrioporus_depressus",0,0,0,0,0,0,0,0,0,0,0,0,0,0,0,0,0,0,0,0,0,0,0,0,0,0,0,8,0,0,0,0,0,0,0,0,0,0,0,0,0,0,0,0,61,0,0,0,0,0,0,0,0,0,0,0,0,0,0,0,0,0,0,0,0,0,0,38,0,43,7,0,0,"d__Eukaryota; p__Arthropoda; c__Insecta; o__Coleoptera; f__Dytiscidae; g__Nebrioporus; s__Nebrioporus_depressus"
"Rhantus_exsoletus",0,0,0,0,0,0,0,0,0,0,0,0,0,0,0,0,0,0,0,0,0,0,0,0,0,0,0,0,0,0,0,0,0,0,0,0,0,0,0,0,0,0,0,0,0,0,0,0,0,0,0,0,0,0,0,0,0,0,0,0,0,0,0,0,0,0,0,0,0,0,0,0,0,"d__Eukaryota; p__Arthropoda; c__Insecta; o__Coleoptera; f__Dytiscidae; g__Rhantus; s__Rhantus_exsoletus"
"Rhantus_frontalis",0,0,0,0,0,0,0,0,0,0,0,0,0,0,0,0,0,0,0,0,0,0,0,0,0,0,0,0,0,0,0,0,0,0,0,0,0,0,0,0,0,0,0,0,0,0,0,0,0,0,0,0,0,0,0,0,0,0,0,0,0,0,0,0,0,0,0,0,0,0,0,0,0,"d__Eukaryota; p__Arthropoda; c__Insecta; o__Coleoptera; f__Dytiscidae; g__Rhantus; s__Rhantus_frontalis"
"Rhantus_grapii",0,0,0,0,0,0,0,0,0,0,0,0,0,0,0,0,0,0,0,0,0,0,0,0,0,0,0,0,0,0,0,0,0,0,0,0,0,0,0,0,0,0,0,0,0,0,0,0,0,0,0,0,0,0,0,0,0,0,0,0,0,0,0,0,0,0,0,0,0,0,0,0,0,"d__Eukaryota; p__Arthropoda; c__Insecta; o__Coleoptera; f__Dytiscidae; g__Rhantus; s__Rhantus_grapii"
"Elmis_aenea",0,0,0,0,0,0,0,0,0,0,0,0,0,158,0,0,0,0,0,14,0,0,0,0,0,0,103,0,127,0,0,0,0,0,0,0,0,0,0,0,0,0,0,0,175,0,238,72,0,77,43,91,0,0,0,163,0,9,0,0,0,0,0,0,0,0,0,0,6,0,0,0,0,"d__Eukaryota; p__Arthropoda; c__Insecta; o__Coleoptera; f__Elmidae; g__Elmis; s__Elmis_aenea"
"Esolus_parallelepipedus",0,0,0,0,0,0,0,0,0,0,0,0,0,274,120,0,0,0,0,0,0,0,0,0,0,0,0,0,0,0,0,0,0,0,0,0,0,0,0,0,0,0,0,0,0,0,0,0,0,0,0,0,0,0,0,29,0,0,0,0,0,0,0,0,0,0,106,66,40,0,0,0,0,"d__Eukaryota; p__Arthropoda; c__Insecta; o__Coleoptera; f__Elmidae; g__Esolus; s__Esolus_parallelepipedus"
"Limnius_volckmari",0,0,0,0,0,0,0,0,0,0,0,0,0,415,339,481,0,0,1465,869,297,0,0,0,0,334,314,0,507,0,1552,411,1313,573,0,0,0,0,0,0,0,0,0,0,0,0,420,0,0,0,0,551,0,0,0,136,428,446,0,0,0,613,581,1241,5,657,594,552,237,700,838,776,0,"d__Eukaryota; p__Arthropoda; c__Insecta; o__Coleoptera; f__Elmidae; g__Limnius; s__Limnius_volckmari"
"Riolus_subviolaceus",0,0,0,0,0,0,0,0,0,0,0,0,0,0,0,0,0,0,0,0,0,0,0,0,0,0,0,0,0,0,0,0,0,0,0,0,0,0,0,0,0,0,0,0,0,0,0,0,0,0,0,0,0,0,0,0,0,0,0,0,0,0,0,0,0,27,0,0,0,0,0,0,0,"d__Eukaryota; p__Arthropoda; c__Insecta; o__Coleoptera; f__Elmidae; g__Riolus; s__Riolus_subviolaceus"
"Stenelmis_canaliculata",0,0,0,0,0,0,0,0,0,0,0,0,0,0,0,0,0,0,0,0,0,0,0,0,0,0,0,0,0,0,36,0,0,0,0,0,0,0,0,0,0,0,0,0,0,0,0,0,0,0,0,0,0,0,0,0,0,0,0,0,0,0,0,0,0,0,0,0,0,0,0,0,0,"d__Eukaryota; p__Arthropoda; c__Insecta; o__Coleoptera; f__Elmidae; g__Stenelmis; s__Stenelmis_canaliculata"
"Orectochilus_villosus",0,0,0,0,0,0,0,0,0,0,0,0,0,102,0,651,0,0,0,0,0,0,0,0,0,0,95,204,1312,0,149,400,0,81,0,0,0,0,0,0,0,0,0,0,0,0,121,0,0,0,15,150,0,3,0,0,49,0,0,0,0,0,0,0,0,0,0,0,0,0,0,0,0,"d__Eukaryota; p__Arthropoda; c__Insecta; o__Coleoptera; f__Gyrinidae; g__Orectochilus; s__Orectochilus_villosus"
"Cercyon_marinus",0,0,0,0,0,0,0,0,0,0,0,0,0,0,0,0,0,0,0,0,0,0,0,0,0,0,0,0,0,0,0,0,0,0,0,0,0,0,0,0,0,0,0,0,0,0,0,0,0,0,0,0,0,0,0,0,0,0,0,0,0,0,0,0,0,0,0,0,0,0,0,0,0,"d__Eukaryota; p__Arthropoda; c__Insecta; o__Coleoptera; f__Hydrophilidae; g__Cercyon; s__Cercyon_marinus"
"Sphaeridium_scarabaeoides",0,0,0,0,0,0,0,0,0,0,0,0,0,0,0,0,0,0,0,0,0,0,0,0,0,0,0,4,0,0,0,0,0,0,0,0,0,0,0,0,0,0,0,0,0,0,0,0,0,0,0,0,0,0,0,0,0,0,0,0,0,0,0,0,0,0,0,0,0,0,0,0,0,"d__Eukaryota; p__Arthropoda; c__Insecta; o__Coleoptera; f__Hydrophilidae; g__Sphaeridium; s__Sphaeridium_scarabaeoides"
"Contacyphon_coarctatus",0,0,0,0,0,0,0,0,0,0,0,0,0,0,0,0,0,0,0,0,0,0,0,0,0,0,0,0,0,0,914,0,0,0,0,0,0,0,0,0,0,0,0,0,0,0,0,0,0,0,0,11,0,0,0,0,0,0,0,0,0,0,0,0,0,0,0,0,0,0,0,0,0,"d__Eukaryota; p__Arthropoda; c__Insecta; o__Coleoptera; f__Scirtidae; g__Contacyphon; s__Contacyphon_coarctatus"
"Contacyphon_hilaris",0,0,0,0,0,0,0,0,0,0,0,0,0,0,0,0,0,0,0,0,0,0,0,0,0,0,0,0,0,0,0,0,0,0,0,0,0,0,0,0,0,0,0,0,0,0,0,0,0,0,0,0,0,0,0,0,0,0,0,0,0,0,0,0,0,0,0,0,0,0,0,0,0,"d__Eukaryota; p__Arthropoda; c__Insecta; o__Coleoptera; f__Scirtidae; g__Contacyphon; s__Contacyphon_hilaris"
"Elodes_minuta",0,0,0,0,0,0,0,0,0,0,0,0,0,0,0,0,0,0,0,0,0,0,0,0,0,0,0,0,0,0,0,0,0,0,0,0,0,0,3,0,0,0,0,0,0,3,0,0,0,3,0,0,0,0,0,0,0,0,0,0,0,0,0,0,0,0,0,0,0,0,0,0,0,"d__Eukaryota; p__Arthropoda; c__Insecta; o__Coleoptera; f__Scirtidae; g__Elodes; s__Elodes_minuta"
"Calliphora_vicina",0,0,0,0,0,0,0,14300,14325,13204,1073,856,587,0,0,864,0,0,0,0,0,0,0,0,0,0,0,220,0,0,0,0,0,0,0,0,0,0,0,0,0,0,0,0,0,0,0,0,0,0,0,377,0,0,0,160,0,199,486,378,0,0,0,0,0,0,0,0,0,0,0,0,443,"d__Eukaryota; p__Arthropoda; c__Insecta; o__Diptera; f__Calliphoridae; g__Calliphora; s__Calliphora_vicina"
"Calliphora_vomitoria",0,0,0,0,0,0,0,0,0,0,0,0,0,0,0,0,0,2970,0,0,0,0,0,0,0,0,0,0,0,0,714,0,0,0,0,0,0,0,0,0,0,0,0,0,0,0,0,0,0,0,0,0,0,0,0,2142,2516,1611,117,0,0,316,1468,1527,0,0,0,0,0,0,170,398,185,"d__Eukaryota; p__Arthropoda; c__Insecta; o__Diptera; f__Calliphoridae; g__Calliphora; s__Calliphora_vomitoria"
"Cynomya_mortuorum",0,0,0,0,0,0,0,0,0,0,0,0,0,0,0,0,0,0,0,0,0,0,0,0,0,0,0,0,0,0,0,2435,0,10273,0,0,0,0,0,0,0,0,0,0,0,0,0,0,0,0,0,0,0,0,0,0,0,0,0,0,0,0,0,0,0,0,0,0,0,0,0,0,34,"d__Eukaryota; p__Arthropoda; c__Insecta; o__Diptera; f__Calliphoridae; g__Cynomya; s__Cynomya_mortuorum"
"Lucilia_ampullacea",0,0,0,0,0,0,0,0,0,0,0,0,0,0,0,0,0,0,0,0,0,0,0,0,0,0,0,0,0,0,0,0,0,0,0,0,0,0,0,0,0,0,0,0,0,0,0,0,0,0,0,0,0,0,0,0,276,0,0,0,0,57,0,0,0,0,0,0,0,0,0,0,0,"d__Eukaryota; p__Arthropoda; c__Insecta; o__Diptera; f__Calliphoridae; g__Lucilia; s__Lucilia_ampullacea"
"Lucilia_illustris",0,0,0,0,0,0,0,0,0,0,0,0,0,0,0,0,0,0,0,0,0,0,0,0,0,0,0,0,343,0,0,0,0,0,0,0,0,0,0,0,0,0,0,0,0,0,0,0,0,0,0,0,0,0,0,0,0,0,0,0,0,0,0,0,0,0,0,0,0,0,0,0,0,"d__Eukaryota; p__Arthropoda; c__Insecta; o__Diptera; f__Calliphoridae; g__Lucilia; s__Lucilia_illustris"
"Lucilia_sericata",0,0,0,0,0,0,0,0,0,0,0,0,0,0,541,246,0,0,0,0,0,0,0,0,0,0,0,0,0,0,0,0,0,0,0,0,0,0,0,0,0,0,0,0,0,0,0,0,0,0,0,0,0,0,0,0,0,0,0,0,0,0,0,0,0,0,0,0,0,0,0,0,0,"d__Eukaryota; p__Arthropoda; c__Insecta; o__Diptera; f__Calliphoridae; g__Lucilia; s__Lucilia_sericata"
"Culicoides_pulicaris",0,0,0,0,0,0,0,0,0,0,0,0,0,0,0,0,0,0,0,0,0,0,0,0,0,0,0,0,0,0,0,0,0,0,0,0,0,0,0,0,0,0,0,0,0,0,0,0,0,0,0,0,0,0,0,0,0,0,0,0,0,0,0,0,0,0,0,0,0,0,0,0,0,"d__Eukaryota; p__Arthropoda; c__Insecta; o__Diptera; f__Ceratopogonidae; g__Culicoides; s__Culicoides_pulicaris"
"Culicoides_punctatus",0,0,0,0,0,0,0,0,0,0,0,0,0,0,0,0,0,0,0,0,0,0,0,0,0,0,0,0,0,0,0,0,0,0,0,0,0,0,0,0,0,0,0,0,0,0,0,0,0,0,0,0,0,0,0,0,0,0,0,0,0,0,0,0,0,0,0,0,0,0,0,0,0,"d__Eukaryota; p__Arthropoda; c__Insecta; o__Diptera; f__Ceratopogonidae; g__Culicoides; s__Culicoides_punctatus"
"Ablabesmyia_monilis",0,0,0,0,0,0,0,0,0,0,0,2186,0,388,1331,642,604,17,2235,327,68,0,0,0,860,793,2469,852,675,1699,2467,1879,76,1405,1053,257,1785,264,530,298,0,142,0,1730,0,1915,0,0,0,0,178,0,0,12,157,453,1129,1000,265,60,355,717,392,300,40,0,403,139,49,68,0,185,0,"d__Eukaryota; p__Arthropoda; c__Insecta; o__Diptera; f__Chironomidae; g__Ablabesmyia; s__Ablabesmyia_monilis"
"Chironomus_nuditarsis",0,0,0,0,0,0,0,0,0,0,100,0,285,0,0,0,94,0,119,0,19,0,0,100,0,0,0,0,0,0,0,0,0,0,0,0,0,91,0,32,0,0,0,139,44,37,0,0,0,0,0,0,10,41,208,0,0,0,167,256,388,0,0,3,0,0,0,0,0,13,0,9,12,"d__Eukaryota; p__Arthropoda; c__Insecta; o__Diptera; f__Chironomidae; g__Chironomus; s__Chironomus_nuditarsis"
"Cryptochironomus_obreptans",0,0,0,0,0,0,0,0,0,0,0,0,0,0,0,0,0,0,0,0,0,0,0,0,0,0,0,0,0,0,0,0,0,0,0,0,0,0,0,0,0,0,0,0,0,0,0,0,0,0,0,0,0,0,0,0,0,0,0,0,0,0,0,0,0,0,0,0,0,0,0,0,0,"d__Eukaryota; p__Arthropoda; c__Insecta; o__Diptera; f__Chironomidae; g__Cryptochironomus; s__Cryptochironomus_obreptans"
"Cryptochironomus_psittacinus",0,0,0,0,0,0,0,0,0,0,0,0,0,0,0,0,0,0,0,0,0,0,0,0,0,0,0,0,0,0,0,0,0,0,0,0,0,0,0,0,0,136,0,0,0,0,0,0,0,0,0,0,0,0,0,0,0,0,0,0,0,0,0,0,0,0,0,0,0,0,0,0,0,"d__Eukaryota; p__Arthropoda; c__Insecta; o__Diptera; f__Chironomidae; g__Cryptochironomus; s__Cryptochironomus_psittacinus"
"Endochironomus_albipennis",0,0,0,0,0,0,0,0,0,0,0,0,0,0,0,0,0,0,0,0,0,0,0,0,1039,0,0,0,0,0,0,0,0,0,0,0,0,0,0,0,0,0,0,0,0,0,0,0,0,0,0,0,0,12,91,0,0,0,0,0,298,0,165,0,0,0,0,0,0,0,120,0,0,"d__Eukaryota; p__Arthropoda; c__Insecta; o__Diptera; f__Chironomidae; g__Endochironomus; s__Endochironomus_albipennis"
"Macropelopia_nebulosa",0,0,0,0,0,0,0,0,0,0,926,0,0,311,0,302,1694,0,0,0,0,0,0,0,0,0,0,171,0,0,0,205,0,0,0,0,0,0,0,0,0,0,0,505,0,318,0,0,140,0,0,0,0,0,0,0,0,179,0,0,0,0,113,157,0,0,0,0,0,139,403,596,123,"d__Eukaryota; p__Arthropoda; c__Insecta; o__Diptera; f__Chironomidae; g__Macropelopia; s__Macropelopia_nebulosa"
"Microtendipes_chloris",0,0,0,0,0,0,0,0,0,0,20,0,0,0,0,0,0,0,0,0,0,0,0,0,0,0,0,0,0,0,0,0,0,0,0,0,0,0,0,0,21,0,0,0,0,0,0,0,0,0,0,0,0,0,0,0,0,0,0,0,4,0,6,68,0,0,0,0,0,0,0,0,0,"d__Eukaryota; p__Arthropoda; c__Insecta; o__Diptera; f__Chironomidae; g__Microtendipes; s__Microtendipes_chloris"
"Procladius_sagittalis",0,0,0,0,0,0,0,0,0,0,0,99,0,0,0,0,0,0,0,0,0,0,0,0,0,0,0,0,0,0,0,0,0,0,0,0,0,0,0,0,0,0,0,0,0,0,0,0,4,0,0,0,0,0,0,0,0,7,0,0,13,0,0,0,0,0,0,0,0,0,0,6,0,"d__Eukaryota; p__Arthropoda; c__Insecta; o__Diptera; f__Chironomidae; g__Procladius; s__Procladius_sagittalis"
"Tanytarsus_bathophilus",0,0,0,0,0,0,0,0,0,0,85,231,181,80,3,66,1761,2209,1696,461,106,96,1329,70,471,44,100,267,2416,0,60,31,0,40,561,231,1249,354,360,38,85,113,416,85,692,308,0,0,0,0,24,0,0,3,214,237,3,94,639,838,1477,563,33,69,43,93,192,79,37,288,143,172,140,"d__Eukaryota; p__Arthropoda; c__Insecta; o__Diptera; f__Chironomidae; g__Tanytarsus; s__Tanytarsus_bathophilus"
"Culex_pipiens",0,0,0,0,0,0,0,0,0,0,151,0,0,43,0,0,0,0,0,0,0,0,0,0,0,0,0,0,0,0,0,0,0,0,0,0,0,0,0,0,0,0,0,0,0,0,0,0,0,76,0,0,0,0,113,202,111,129,0,136,62,0,0,0,0,0,0,0,0,0,257,394,329,"d__Eukaryota; p__Arthropoda; c__Insecta; o__Diptera; f__Culicidae; g__Culex; s__Culex_pipiens"
"Culex_torrentium",0,0,0,0,0,0,0,0,0,0,0,0,0,0,0,0,0,0,0,0,0,0,0,0,0,0,0,0,0,0,0,0,0,0,0,0,0,0,0,0,0,0,0,0,0,0,0,0,0,0,0,0,0,0,0,7,0,5,0,0,0,0,0,0,0,0,0,0,0,0,0,0,11,"d__Eukaryota; p__Arthropoda; c__Insecta; o__Diptera; f__Culicidae; g__Culex; s__Culex_torrentium"
"Culiseta_annulata",0,0,0,0,0,0,0,0,0,0,0,0,0,0,0,0,0,0,0,0,0,0,0,0,0,0,0,0,0,0,0,0,0,0,0,0,0,0,0,0,0,0,0,0,0,0,0,0,0,0,0,0,0,0,0,0,0,0,0,0,0,0,0,0,0,0,0,0,0,0,0,0,0,"d__Eukaryota; p__Arthropoda; c__Insecta; o__Diptera; f__Culicidae; g__Culiseta; s__Culiseta_annulata"
"Culiseta_fumipennis",0,0,0,0,0,0,0,0,0,0,0,0,0,0,0,0,0,0,0,0,0,0,0,0,0,0,0,0,0,0,0,0,0,0,0,0,0,0,0,0,0,0,0,0,0,0,0,0,0,0,0,0,0,0,0,0,0,0,0,0,0,0,0,0,0,0,0,0,0,0,0,0,0,"d__Eukaryota; p__Arthropoda; c__Insecta; o__Diptera; f__Culicidae; g__Culiseta; s__Culiseta_fumipennis"
"Fannia_canicularis",0,0,0,0,0,0,0,0,0,0,0,0,0,0,0,0,0,0,0,0,0,0,0,0,0,0,0,0,0,0,0,0,0,0,0,0,0,0,0,0,0,0,0,0,0,0,0,0,0,125,0,0,0,0,0,0,0,0,0,0,0,0,0,0,0,0,0,0,0,0,0,0,0,"d__Eukaryota; p__Arthropoda; c__Insecta; o__Diptera; f__Fanniidae; g__Fannia; s__Fannia_canicularis"
"Heleomyza_serrata",0,0,0,0,0,0,0,0,0,0,0,0,0,0,0,0,0,0,0,0,0,0,0,0,0,0,0,0,0,0,0,0,0,0,0,0,0,0,0,0,0,0,0,0,0,0,0,0,0,0,0,31,0,0,0,0,0,0,0,0,0,0,0,86,0,0,0,0,0,0,0,0,0,"d__Eukaryota; p__Arthropoda; c__Insecta; o__Diptera; f__Heleomyzidae; g__Heleomyza; s__Heleomyza_serrata"
"Helina_lasiophthalma",0,0,0,0,0,0,0,0,0,0,0,0,0,0,0,0,0,0,0,0,0,0,0,0,0,0,0,0,0,0,0,0,0,0,0,0,0,0,0,0,0,0,0,0,0,0,0,0,0,0,0,0,0,0,0,0,0,0,0,0,0,0,0,0,0,0,0,0,0,0,0,0,0,"d__Eukaryota; p__Arthropoda; c__Insecta; o__Diptera; f__Muscidae; g__Helina; s__Helina_lasiophthalma"
"Hydrotaea_dentipes",0,0,0,0,0,0,0,0,0,0,0,0,0,0,0,0,0,0,0,0,0,0,0,0,0,0,0,0,0,0,0,0,0,0,0,0,0,0,0,0,0,0,0,0,67,0,0,0,0,0,0,0,0,0,0,0,0,98,0,0,0,0,0,0,0,0,0,0,0,0,7,24,13,"d__Eukaryota; p__Arthropoda; c__Insecta; o__Diptera; f__Muscidae; g__Hydrotaea; s__Hydrotaea_dentipes"
"Pollenia_rudis",0,0,0,0,0,0,0,0,0,0,0,0,0,0,0,0,0,0,0,0,0,0,0,0,0,0,0,0,0,0,0,0,0,0,0,0,0,0,0,0,0,0,0,0,0,0,0,9,0,0,0,0,0,0,0,11,0,0,140,77,0,0,0,0,0,0,0,0,0,0,0,11,13,"d__Eukaryota; p__Arthropoda; c__Insecta; o__Diptera; f__Polleniidae; g__Pollenia; s__Pollenia_rudis"
"Sarcophaga_carnaria",0,0,0,0,0,0,0,0,0,0,0,0,0,0,0,0,0,0,0,0,0,0,0,0,0,0,0,0,0,0,0,0,0,0,0,0,0,0,0,0,0,0,0,0,136,0,0,0,0,0,0,0,0,0,0,0,0,51,0,0,0,0,0,0,0,0,0,0,0,0,0,0,66,"d__Eukaryota; p__Arthropoda; c__Insecta; o__Diptera; f__Sarcophagidae; g__Sarcophaga; s__Sarcophaga_carnaria"
"Simulium_costatum",0,0,0,0,0,0,0,0,0,0,0,0,0,0,0,0,0,0,0,0,0,0,0,0,0,0,0,0,0,0,0,0,0,0,0,0,0,0,0,0,0,0,0,0,0,0,0,0,0,0,0,0,0,0,0,0,0,0,0,0,0,0,0,0,0,0,0,0,0,0,0,0,0,"d__Eukaryota; p__Arthropoda; c__Insecta; o__Diptera; f__Simuliidae; g__Simulium; s__Simulium_costatum"
"Simulium_dunfellense",0,0,0,0,0,0,0,0,0,0,0,0,0,0,0,0,0,0,0,0,0,0,0,0,0,0,0,0,0,0,0,0,0,0,0,0,0,0,0,0,0,0,0,0,0,0,0,0,0,0,0,0,0,0,0,0,0,0,0,0,0,0,0,138,0,0,0,0,0,0,0,0,0,"d__Eukaryota; p__Arthropoda; c__Insecta; o__Diptera; f__Simuliidae; g__Simulium; s__Simulium_dunfellense"
"Simulium_equinum",0,0,0,0,0,0,0,0,0,0,0,6,0,0,0,0,6,0,9,0,0,0,5,0,7,0,0,3,30,11,11,0,0,0,0,0,3,17,22,12,8,0,0,9,8,17,0,0,0,0,0,0,0,0,4,14,0,11,0,0,3,0,0,0,0,3,12,0,0,0,0,0,0,"d__Eukaryota; p__Arthropoda; c__Insecta; o__Diptera; f__Simuliidae; g__Simulium; s__Simulium_equinum"
"Simulium_lineatum",0,0,0,0,0,0,0,0,0,0,0,0,0,3793,6305,3911,1113,5376,1950,390,1341,1438,0,275,0,38053,45609,51689,15031,16973,14686,24185,15824,11110,980,3858,2584,9535,9831,10328,1355,284,942,666,1165,159,432,165,902,466,1106,1186,0,71,877,5615,7365,8197,307,289,804,2086,2625,2313,14062,14248,15636,25866,19392,27671,20413,17810,24502,"d__Eukaryota; p__Arthropoda; c__Insecta; o__Diptera; f__Simuliidae; g__Simulium; s__Simulium_lineatum"
"Simulium_lundstromi",0,0,0,0,0,0,0,0,0,0,0,0,0,0,0,0,0,0,0,0,0,0,0,0,0,0,0,0,0,0,0,0,0,0,0,0,0,0,0,0,0,0,0,0,0,0,0,0,0,0,0,0,0,0,0,0,0,0,0,0,0,0,0,0,0,0,0,0,0,0,0,0,0,"d__Eukaryota; p__Arthropoda; c__Insecta; o__Diptera; f__Simuliidae; g__Simulium; s__Simulium_lundstromi"
"Simulium_noelleri",0,0,0,0,0,0,0,0,0,0,0,22,0,18,17,0,0,0,43,0,0,0,0,0,0,11,110,16,0,4,41,0,0,0,0,66,3,0,0,0,0,42,98,32,39,0,0,0,0,0,0,3,0,0,88,12,0,0,32,0,29,0,0,7,0,0,0,126,40,97,222,426,389,"d__Eukaryota; p__Arthropoda; c__Insecta; o__Diptera; f__Simuliidae; g__Simulium; s__Simulium_noelleri"
"Simulium_ornatum",0,0,0,0,0,0,0,0,0,0,0,0,0,0,0,0,0,0,0,0,0,0,0,0,0,0,0,0,0,0,0,0,0,0,0,0,0,0,0,0,0,0,0,0,0,0,0,0,0,0,0,0,0,0,0,0,0,0,0,0,0,0,0,0,0,0,0,0,0,0,0,0,0,"d__Eukaryota; p__Arthropoda; c__Insecta; o__Diptera; f__Simuliidae; g__Simulium; s__Simulium_ornatum"
"Simulium_posticatum",0,0,0,0,0,0,0,0,0,0,13,353,133,74,436,345,0,0,0,0,0,0,0,0,0,6,0,0,4,42,0,0,0,0,0,0,0,0,0,0,0,0,0,16,87,75,8,229,124,132,117,219,0,0,0,0,0,0,0,0,0,0,0,0,0,0,0,0,0,0,0,0,0,"d__Eukaryota; p__Arthropoda; c__Insecta; o__Diptera; f__Simuliidae; g__Simulium; s__Simulium_posticatum"
"Simulium_reptans",0,0,0,0,0,0,0,0,0,0,0,0,0,369,1036,915,0,0,0,0,0,0,0,0,0,45,13,16,0,61,47,25,7,0,0,0,0,261,212,54,0,0,0,0,57,0,3,0,10,17,0,16,0,0,0,36,49,19,0,0,0,0,21,60,114,72,118,16,9,19,392,378,336,"d__Eukaryota; p__Arthropoda; c__Insecta; o__Diptera; f__Simuliidae; g__Simulium; s__Simulium_reptans"
"Simulium_trifasciatum",0,0,0,0,0,0,0,0,0,0,0,15,0,0,0,0,0,15,0,0,0,0,0,0,0,0,0,0,0,0,0,0,0,0,0,0,0,0,0,0,0,0,0,0,0,0,0,0,0,0,0,0,0,0,0,0,0,0,0,0,0,0,0,0,0,0,0,0,0,0,0,0,0,"d__Eukaryota; p__Arthropoda; c__Insecta; o__Diptera; f__Simuliidae; g__Simulium; s__Simulium_trifasciatum"
"Simulium_vernum",0,0,0,0,0,0,0,0,0,0,0,0,0,0,0,42,0,0,0,0,0,0,0,0,0,0,0,0,0,0,0,0,0,0,0,0,0,0,0,0,0,0,0,0,0,0,0,7,54,0,0,0,0,0,0,0,0,0,0,0,0,0,0,0,0,0,0,0,0,0,0,0,0,"d__Eukaryota; p__Arthropoda; c__Insecta; o__Diptera; f__Simuliidae; g__Simulium; s__Simulium_vernum"
"Platycheirus_clypeatus",0,0,0,0,0,0,0,0,0,0,0,0,0,0,0,0,0,0,0,0,0,0,0,0,0,0,0,0,0,0,0,0,0,0,0,0,0,0,0,0,0,0,0,0,0,0,0,0,0,0,0,0,0,0,0,0,0,0,0,0,0,0,0,0,0,0,0,0,0,0,0,12,0,"d__Eukaryota; p__Arthropoda; c__Insecta; o__Diptera; f__Syrphidae; g__Platycheirus; s__Platycheirus_clypeatus"
"Baetis_fuscatus",0,0,0,0,0,0,0,0,0,0,0,0,0,0,0,0,0,0,0,0,0,0,0,0,0,15,0,4,3,24,3,46,6,4,0,0,0,10,0,9,0,3,0,0,0,0,0,0,0,0,0,0,0,0,0,16,23,14,0,0,0,20,12,0,32,14,3,0,0,0,17,0,9,"d__Eukaryota; p__Arthropoda; c__Insecta; o__Ephemeroptera; f__Baetidae; g__Baetis; s__Baetis_fuscatus"
"Baetis_rhodani",0,0,0,0,0,0,0,0,0,0,52,1358,1190,678,470,138,111,0,16,223,206,322,0,385,648,71,92,0,1526,1142,4465,3759,5478,2400,0,472,0,4,0,0,0,0,0,620,3129,11,1051,3110,1798,11237,2890,4723,0,19,62,3404,1873,2204,227,0,168,816,1177,1168,696,999,390,0,178,32,0,0,13,"d__Eukaryota; p__Arthropoda; c__Insecta; o__Ephemeroptera; f__Baetidae; g__Baetis; s__Baetis_rhodani"
"Nigrobaetis_niger",0,0,0,0,0,0,0,0,0,0,0,0,0,0,0,0,0,0,0,0,0,0,0,0,0,0,0,0,0,0,0,0,0,0,0,0,0,0,0,0,0,0,0,0,0,0,0,33,0,0,0,0,0,0,0,0,0,0,0,0,0,0,0,0,0,0,0,0,0,0,0,0,0,"d__Eukaryota; p__Arthropoda; c__Insecta; o__Ephemeroptera; f__Baetidae; g__Nigrobaetis; s__Nigrobaetis_niger"
"Brachycercus_harrisella",0,0,0,0,0,0,0,0,0,0,0,0,0,0,0,0,0,0,0,0,0,0,0,0,0,0,0,0,0,0,0,0,0,0,0,0,0,0,0,0,0,0,0,29,0,0,0,0,0,0,0,0,0,0,0,0,0,0,0,0,0,0,0,0,0,0,0,0,0,0,0,0,0,"d__Eukaryota; p__Arthropoda; c__Insecta; o__Ephemeroptera; f__Caenidae; g__Brachycercus; s__Brachycercus_harrisella"
"Caenis_horaria",0,0,0,0,0,0,0,0,0,0,0,0,0,0,0,0,0,0,0,0,0,0,0,0,0,0,0,0,0,0,0,0,0,0,0,0,0,0,0,0,0,0,0,0,0,0,0,0,0,0,0,0,0,0,0,0,0,0,0,0,0,0,0,0,0,0,0,0,0,0,0,0,0,"d__Eukaryota; p__Arthropoda; c__Insecta; o__Ephemeroptera; f__Caenidae; g__Caenis; s__Caenis_horaria"
"Caenis_pusilla",0,0,0,0,0,0,0,0,0,0,55,336,792,1551,2229,1519,167,0,580,12,12,0,2891,0,0,2572,4298,4502,5386,4643,6425,9406,9820,7174,0,0,0,2021,1710,2269,179,0,0,738,97,43,1648,2569,1986,1744,1932,2856,0,0,0,583,462,370,0,0,0,367,152,279,3952,2376,1865,1143,1582,913,125,174,1806,"d__Eukaryota; p__Arthropoda; c__Insecta; o__Ephemeroptera; f__Caenidae; g__Caenis; s__Caenis_pusilla"
"Serratella_ignita",0,0,0,0,0,0,0,0,0,0,0,0,0,0,27,9,0,4,0,0,0,0,3,0,0,39,68,78,4,42,28,55,81,44,0,0,0,25,53,56,0,0,0,0,0,0,0,0,0,0,0,0,0,0,0,9,11,6,0,0,0,3,0,4,37,60,36,34,20,25,0,6,16,"d__Eukaryota; p__Arthropoda; c__Insecta; o__Ephemeroptera; f__Ephemerellidae; g__Serratella; s__Serratella_ignita"
"Ephemera_danica",0,0,0,0,0,0,0,0,0,0,0,0,0,0,0,0,9,9,6,0,0,0,0,0,0,0,0,0,0,9,0,0,3,13,0,0,0,3,0,0,0,0,0,0,7,3,0,0,0,0,0,0,0,0,0,0,0,0,0,0,0,0,0,0,0,0,0,0,0,0,0,0,0,"d__Eukaryota; p__Arthropoda; c__Insecta; o__Ephemeroptera; f__Ephemeridae; g__Ephemera; s__Ephemera_danica"
"Heptagenia_sulphurea",0,0,0,0,0,0,0,0,0,0,0,0,0,23,31,32,0,0,0,0,0,0,18,0,0,0,14,4,3,0,20,16,6,7,0,0,0,6,0,3,0,0,0,0,11,3,0,3,7,17,3,13,0,0,0,9,0,3,0,0,0,3,3,0,0,0,4,0,0,3,0,0,3,"d__Eukaryota; p__Arthropoda; c__Insecta; o__Ephemeroptera; f__Heptageniidae; g__Heptagenia; s__Heptagenia_sulphurea"
"Rhithrogena_semicolorata",0,0,0,0,0,0,0,0,0,0,0,9,0,0,0,0,0,0,0,0,0,0,17,0,0,0,0,0,0,11,0,3,10,0,0,0,0,0,0,0,0,0,0,0,0,11,0,17,7,10,3,6,0,0,0,0,0,0,0,0,0,0,0,0,0,0,0,0,0,0,0,0,0,"d__Eukaryota; p__Arthropoda; c__Insecta; o__Ephemeroptera; f__Heptageniidae; g__Rhithrogena; s__Rhithrogena_semicolorata"
"Paraleptophlebia_submarginata",0,0,0,0,0,0,0,0,0,0,0,0,10,0,10,3,12,0,0,0,0,0,0,0,0,0,0,0,0,0,0,12,0,0,0,0,0,0,0,0,0,0,0,0,0,0,0,4,10,17,3,33,0,0,0,0,0,0,0,0,0,0,0,0,0,0,0,0,0,0,0,0,0,"d__Eukaryota; p__Arthropoda; c__Insecta; o__Ephemeroptera; f__Leptophlebiidae; g__Paraleptophlebia; s__Paraleptophlebia_submarginata"
"Hesperocorixa_sahlbergi",0,0,0,0,0,0,0,0,0,0,0,0,0,0,0,0,0,0,0,0,0,0,0,0,0,0,0,0,0,0,0,0,0,0,0,0,0,0,0,0,0,0,0,0,0,0,0,0,0,0,0,0,0,0,0,0,0,0,0,0,0,0,0,0,0,0,0,0,0,0,0,0,0,"d__Eukaryota; p__Arthropoda; c__Insecta; o__Hemiptera; f__Corixidae; g__Hesperocorixa; s__Hesperocorixa_sahlbergi"
"Sialis_lutaria",0,0,0,0,0,0,0,0,0,0,0,0,205,0,0,18,0,0,452,17,24,0,0,194,210,6,14,0,0,0,0,0,0,0,0,0,0,0,0,0,0,0,0,0,273,0,121,0,0,0,4,0,0,0,6,0,0,16,0,12,78,66,0,0,0,0,0,6,0,16,0,0,0,"d__Eukaryota; p__Arthropoda; c__Insecta; o__Megaloptera; f__Sialidae; g__Sialis; s__Sialis_lutaria"
"Sialis_nigripes",0,0,0,0,0,0,0,0,0,0,0,0,0,0,0,0,14,0,0,0,0,0,0,0,0,0,7,11,0,0,0,3,0,0,0,0,0,0,0,0,0,0,0,0,0,0,0,0,0,0,0,0,0,0,0,0,0,0,0,0,0,0,0,0,0,0,0,63,8,0,0,0,0,"d__Eukaryota; p__Arthropoda; c__Insecta; o__Megaloptera; f__Sialidae; g__Sialis; s__Sialis_nigripes"
"Sisyra_terminalis",0,0,0,0,0,0,0,0,0,0,258,404,0,80,0,93,0,0,438,0,16,0,0,0,0,95,83,241,6,0,287,0,133,105,0,322,0,0,26,614,0,0,0,3798,1739,483,855,758,695,593,685,705,0,0,0,66,0,0,0,0,0,0,0,0,19,0,150,14,24,108,0,0,0,"d__Eukaryota; p__Arthropoda; c__Insecta; o__Neuroptera; f__Sisyridae; g__Sisyra; s__Sisyra_terminalis"
"Zwicknia_bifrons",0,0,0,0,0,0,0,0,0,0,0,0,0,0,0,0,0,0,0,0,0,0,0,0,0,0,0,0,0,0,0,0,0,0,0,0,0,0,0,0,0,0,0,0,0,0,25,0,243,0,0,0,0,0,0,0,0,0,0,0,0,0,0,0,0,0,0,0,0,0,0,0,0,"d__Eukaryota; p__Arthropoda; c__Insecta; o__Plecoptera; f__Capniidae; g__Zwicknia; s__Zwicknia_bifrons"
"Leuctra_fusca",0,0,0,0,0,0,0,0,0,0,0,0,0,79,0,0,0,0,0,0,0,0,0,0,0,0,114,0,0,0,0,0,0,0,0,0,0,0,0,0,0,0,0,0,0,0,0,0,0,0,0,0,0,0,0,0,0,0,0,0,0,0,0,0,0,0,0,24,184,18,0,8,0,"d__Eukaryota; p__Arthropoda; c__Insecta; o__Plecoptera; f__Leuctridae; g__Leuctra; s__Leuctra_fusca"
"Amphinemura_standfussi",0,0,0,0,0,0,0,0,0,0,7,0,0,0,0,0,0,0,0,0,0,0,0,0,0,0,0,0,0,0,0,0,0,0,0,0,0,0,0,0,0,0,0,0,0,0,0,0,0,0,0,0,0,0,0,0,0,0,0,0,0,0,0,0,0,0,0,0,0,0,0,0,0,"d__Eukaryota; p__Arthropoda; c__Insecta; o__Plecoptera; f__Nemouridae; g__Amphinemura; s__Amphinemura_standfussi"
"Nemoura_avicularis",0,0,0,0,0,0,0,0,0,0,0,0,0,21,51,0,0,0,0,0,0,0,0,0,4,0,0,0,0,0,0,0,50,0,0,0,0,0,0,0,0,0,0,0,0,0,0,0,24,0,0,16,0,0,0,0,0,0,0,0,0,0,0,0,0,0,0,0,0,0,0,0,0,"d__Eukaryota; p__Arthropoda; c__Insecta; o__Plecoptera; f__Nemouridae; g__Nemoura; s__Nemoura_avicularis"
"Isoperla_grammatica",0,0,0,0,0,0,0,0,0,0,0,0,0,0,0,0,0,0,0,0,0,0,0,0,0,0,0,40,0,0,0,0,0,0,0,0,0,0,0,0,0,0,0,0,0,0,21,0,55,0,0,0,0,0,0,0,0,0,0,0,0,0,0,0,0,0,0,0,0,0,0,0,0,"d__Eukaryota; p__Arthropoda; c__Insecta; o__Plecoptera; f__Perlodidae; g__Isoperla; s__Isoperla_grammatica"
"Silo_pallipes",0,0,0,0,0,0,0,0,0,0,0,0,97,0,0,0,0,0,0,0,0,0,0,0,0,0,0,0,0,0,0,0,0,0,0,0,0,0,0,0,0,0,0,0,0,0,0,0,0,0,0,0,0,0,0,0,0,0,0,0,0,0,0,0,0,0,0,0,0,0,0,0,0,"d__Eukaryota; p__Arthropoda; c__Insecta; o__Trichoptera; f__Goeridae; g__Silo; s__Silo_pallipes"
"Hydroptila_lotensis",0,0,0,0,0,0,0,0,0,0,0,0,0,0,0,0,0,0,0,0,0,0,0,0,0,0,0,3,0,0,0,4,6,12,0,0,0,0,0,14,0,0,0,0,0,0,0,8,0,0,0,0,0,0,0,5,5,0,0,0,0,0,0,3,8,0,32,0,0,0,4,0,0,"d__Eukaryota; p__Arthropoda; c__Insecta; o__Trichoptera; f__Hydroptilidae; g__Hydroptila; s__Hydroptila_lotensis"
"Crunoecia_irrorata",0,0,0,0,0,0,0,0,0,0,0,0,0,0,0,0,0,0,0,0,0,0,0,0,0,0,0,0,0,0,0,0,0,0,0,0,0,0,0,0,0,0,0,0,0,0,0,0,0,0,0,0,0,0,0,0,0,0,0,0,0,0,141,0,0,0,0,0,0,0,0,0,0,"d__Eukaryota; p__Arthropoda; c__Insecta; o__Trichoptera; f__Lepidostomatidae; g__Crunoecia; s__Crunoecia_irrorata"
"Lepidostoma_hirtum",0,0,0,0,0,0,0,0,0,0,0,164,383,581,338,1010,0,593,30,48,0,227,1663,71,0,524,469,1011,760,474,424,256,247,114,0,0,0,0,0,0,0,0,0,920,797,768,249,175,234,339,446,426,0,0,0,16,223,0,0,0,0,0,0,0,22,139,149,37,131,129,74,66,86,"d__Eukaryota; p__Arthropoda; c__Insecta; o__Trichoptera; f__Lepidostomatidae; g__Lepidostoma; s__Lepidostoma_hirtum"
"Athripsodes_bilineatus",0,0,0,0,0,0,0,0,0,0,0,0,0,0,0,0,0,0,0,0,0,0,0,0,0,0,0,0,0,0,0,0,0,0,0,0,0,0,0,0,0,0,0,0,0,0,0,0,0,0,0,0,0,0,0,0,0,0,0,0,0,0,0,0,0,0,0,0,0,0,0,0,0,"d__Eukaryota; p__Arthropoda; c__Insecta; o__Trichoptera; f__Leptoceridae; g__Athripsodes; s__Athripsodes_bilineatus"
"Athripsodes_cinereus",0,0,0,0,0,0,0,0,0,0,0,0,0,3,12,6,0,0,0,0,0,0,0,15,6,0,0,0,0,0,0,0,0,0,0,0,0,0,0,0,0,0,0,0,0,0,0,0,0,0,0,0,0,0,0,0,0,0,0,0,0,0,0,0,0,0,0,0,0,0,0,0,0,"d__Eukaryota; p__Arthropoda; c__Insecta; o__Trichoptera; f__Leptoceridae; g__Athripsodes; s__Athripsodes_cinereus"
"Ceraclea_albimacula",0,0,0,0,0,0,0,0,0,0,0,0,0,0,0,0,0,0,0,0,0,0,0,0,0,0,0,0,0,0,0,0,0,0,0,0,0,0,0,10,0,0,0,0,0,0,0,0,0,0,0,0,0,0,0,0,0,0,0,0,0,0,0,0,0,0,0,0,0,0,0,0,0,"d__Eukaryota; p__Arthropoda; c__Insecta; o__Trichoptera; f__Leptoceridae; g__Ceraclea; s__Ceraclea_albimacula"
"Ceraclea_nigronervosa",0,0,0,0,0,0,0,0,0,0,125,22,0,0,24,0,0,0,0,0,0,0,0,147,0,0,0,0,0,0,3,0,0,7,0,0,0,0,0,0,0,0,0,24,26,0,0,0,0,0,3,0,0,0,0,0,0,0,0,0,0,9,0,0,0,3,0,0,0,0,0,0,0,"d__Eukaryota; p__Arthropoda; c__Insecta; o__Trichoptera; f__Leptoceridae; g__Ceraclea; s__Ceraclea_nigronervosa"
"Leptocerus_tineiformis",0,0,0,0,0,0,0,0,0,0,0,0,0,0,0,0,0,0,0,0,0,0,0,0,0,0,0,0,0,0,0,0,0,0,0,0,0,0,0,0,0,0,0,0,0,0,0,0,0,0,0,0,0,0,0,0,0,0,0,0,0,0,0,0,0,0,0,0,0,0,0,0,0,"d__Eukaryota; p__Arthropoda; c__Insecta; o__Trichoptera; f__Leptoceridae; g__Leptocerus; s__Leptocerus_tineiformis"
"Anabolia_nervosa",0,0,0,0,0,0,0,0,0,0,0,0,0,7,3,9,0,0,0,0,0,0,0,0,0,3,6,0,0,31,0,0,0,0,0,0,0,0,0,0,0,0,0,0,0,0,0,0,0,6,12,3,0,0,0,0,0,0,0,0,0,0,0,0,0,0,0,3,0,0,6,0,4,"d__Eukaryota; p__Arthropoda; c__Insecta; o__Trichoptera; f__Limnephilidae; g__Anabolia; s__Anabolia_nervosa"
"Chaetopteryx_villosa",0,0,0,0,0,0,0,0,0,0,0,0,0,0,0,0,0,0,0,0,0,0,0,0,0,0,0,0,0,0,0,0,0,0,0,0,0,0,0,0,0,0,0,0,0,0,0,0,0,0,0,0,0,0,0,0,0,0,0,0,0,0,0,0,0,0,0,0,0,0,0,0,0,"d__Eukaryota; p__Arthropoda; c__Insecta; o__Trichoptera; f__Limnephilidae; g__Chaetopteryx; s__Chaetopteryx_villosa"
"Glyphotaelius_pellucidus",0,0,0,0,0,0,0,0,0,0,220,0,87,0,0,39,94,77,0,0,0,0,0,0,0,0,0,0,0,0,0,0,0,33,0,0,0,0,0,0,0,0,0,164,7,0,0,0,0,9,0,0,0,0,0,0,0,0,0,0,0,0,0,0,0,0,0,0,0,0,0,0,0,"d__Eukaryota; p__Arthropoda; c__Insecta; o__Trichoptera; f__Limnephilidae; g__Glyphotaelius; s__Glyphotaelius_pellucidus"
"Halesus_digitatus",0,0,0,0,0,0,0,0,0,0,0,0,0,0,0,0,0,0,0,0,0,0,0,0,0,0,0,0,3,0,0,0,3,0,0,0,0,0,0,0,0,0,0,14,0,0,0,11,0,3,0,10,0,0,0,0,0,0,0,0,0,0,0,0,0,0,0,0,0,0,0,0,0,"d__Eukaryota; p__Arthropoda; c__Insecta; o__Trichoptera; f__Limnephilidae; g__Halesus; s__Halesus_digitatus"
"Halesus_radiatus",0,0,0,0,0,0,0,0,0,0,0,0,0,0,0,0,0,0,0,0,0,0,0,0,0,0,0,0,0,0,0,0,0,0,0,0,0,0,0,0,0,0,0,0,0,6,0,0,0,0,0,0,0,0,0,0,0,0,0,0,0,0,0,0,0,0,0,0,0,0,0,0,0,"d__Eukaryota; p__Arthropoda; c__Insecta; o__Trichoptera; f__Limnephilidae; g__Halesus; s__Halesus_radiatus"
"Limnephilus_flavicornis",0,0,0,0,0,0,0,0,0,0,0,0,0,0,0,0,0,0,0,0,0,0,0,0,0,0,0,0,0,0,0,0,0,0,0,0,0,0,0,0,0,0,0,0,0,0,0,0,0,0,0,0,0,0,0,0,0,0,0,0,0,0,0,0,0,0,0,0,0,0,0,0,0,"d__Eukaryota; p__Arthropoda; c__Insecta; o__Trichoptera; f__Limnephilidae; g__Limnephilus; s__Limnephilus_flavicornis"
"Limnephilus_marmoratus",0,0,0,0,0,0,0,0,0,0,0,0,0,0,0,0,0,0,0,0,0,0,0,56,0,0,0,0,0,0,0,0,0,0,0,0,0,0,0,0,0,0,0,0,0,0,0,0,0,0,0,0,0,0,0,0,0,0,0,0,0,0,0,0,0,0,0,0,0,0,0,0,0,"d__Eukaryota; p__Arthropoda; c__Insecta; o__Trichoptera; f__Limnephilidae; g__Limnephilus; s__Limnephilus_marmoratus"
"Micropterna_lateralis",0,0,0,0,0,0,0,0,0,0,0,0,0,0,0,0,0,0,0,0,0,0,0,0,0,0,0,0,0,18,0,0,0,0,0,0,0,0,0,0,0,0,0,0,0,0,0,0,0,0,0,0,0,0,0,0,0,0,0,0,0,0,0,0,0,0,0,0,0,0,0,0,0,"d__Eukaryota; p__Arthropoda; c__Insecta; o__Trichoptera; f__Limnephilidae; g__Micropterna; s__Micropterna_lateralis"
"Potamophylax_cingulatus",0,0,0,0,0,0,0,0,0,0,0,0,0,0,0,0,0,0,0,0,0,0,0,0,0,0,0,0,0,0,0,0,0,0,0,0,0,0,0,0,0,0,0,0,0,0,0,0,0,0,0,0,0,0,0,0,3,7,0,0,0,0,0,0,0,0,0,0,0,0,0,0,0,"d__Eukaryota; p__Arthropoda; c__Insecta; o__Trichoptera; f__Limnephilidae; g__Potamophylax; s__Potamophylax_cingulatus"
"Potamophylax_latipennis",0,0,0,0,0,0,0,0,0,0,0,0,0,0,0,0,0,0,0,0,0,0,0,0,0,0,0,0,0,0,0,0,0,0,0,0,0,0,0,0,0,0,0,0,0,0,0,0,0,0,0,0,0,0,0,0,0,0,0,0,0,0,0,0,0,0,0,0,0,0,0,0,0,"d__Eukaryota; p__Arthropoda; c__Insecta; o__Trichoptera; f__Limnephilidae; g__Potamophylax; s__Potamophylax_latipennis"
"Molanna_angustata",0,0,0,0,0,0,0,0,0,0,0,0,0,0,0,0,0,0,0,0,0,0,0,0,0,0,0,0,3,0,0,0,0,0,0,4,0,0,0,0,0,0,0,0,0,0,0,0,0,0,0,0,0,0,0,0,0,0,0,0,0,0,0,0,0,0,0,0,0,0,0,0,0,"d__Eukaryota; p__Arthropoda; c__Insecta; o__Trichoptera; f__Molannidae; g__Molanna; s__Molanna_angustata"
"Odontocerum_albicorne",0,0,0,0,0,0,0,0,0,0,0,0,0,0,0,0,0,0,0,0,0,0,0,0,0,0,0,0,0,0,0,0,0,0,0,0,0,0,0,0,0,0,0,0,0,0,0,0,0,0,0,0,0,0,0,14,0,3,0,0,0,0,0,0,0,0,0,0,0,0,0,0,0,"d__Eukaryota; p__Arthropoda; c__Insecta; o__Trichoptera; f__Odontoceridae; g__Odontocerum; s__Odontocerum_albicorne"
"Dikerogammarus_haemobaphes",0,0,0,0,0,0,0,0,0,0,0,0,0,0,0,0,0,0,0,0,0,0,3,0,0,0,0,0,0,0,0,0,0,0,0,0,0,0,0,0,0,0,0,0,0,0,0,0,0,0,0,0,0,0,0,0,0,0,0,0,0,0,0,0,0,0,0,0,0,0,0,0,0,"d__Eukaryota; p__Arthropoda; c__Malacostraca; o__Amphipoda; f__Gammaridae; g__Dikerogammarus; s__Dikerogammarus_haemobaphes"
"Pacifastacus_leniusculus",0,0,0,0,0,0,0,0,0,0,0,0,0,0,0,0,194,0,0,0,0,0,0,0,0,0,0,0,362,17,116,0,11,16,24,21,0,0,0,75,0,0,0,0,0,20,48,102,43,31,75,3,0,0,0,10,61,56,0,0,0,88,3,93,49,0,103,0,0,0,0,0,0,"d__Eukaryota; p__Arthropoda; c__Malacostraca; o__Decapoda; f__Astacidae; g__Pacifastacus; s__Pacifastacus_leniusculus"
"Cypridopsis_vidua",0,0,0,0,0,0,0,0,0,0,0,0,0,0,0,0,0,0,0,0,0,0,0,0,0,0,0,0,0,0,0,0,0,0,0,0,0,0,0,0,0,0,0,0,0,0,0,0,0,0,0,0,0,0,0,0,0,0,0,0,0,0,17,3,0,0,0,0,0,0,0,0,27,"d__Eukaryota; p__Arthropoda; c__Ostracoda; o__Podocopida; f__Cyprididae; g__Cypridopsis; s__Cypridopsis_vidua"
"Eucypris_virens",0,0,0,0,0,0,0,0,0,0,0,0,0,0,0,0,0,0,0,0,0,0,0,0,0,0,0,0,0,0,0,0,0,0,0,0,0,0,0,0,0,0,0,0,0,0,0,0,0,0,0,0,0,0,0,0,0,0,0,0,0,0,0,0,0,0,0,0,0,0,0,0,0,"d__Eukaryota; p__Arthropoda; c__Ostracoda; o__Podocopida; f__Cyprididae; g__Eucypris; s__Eucypris_virens"
"Anodonta_anatina",0,0,0,0,0,0,0,0,0,0,517,521,477,105,354,220,1558,666,761,281,546,217,62,342,36,152,215,199,473,432,1039,322,320,218,453,620,989,761,633,653,274,224,448,864,1128,881,487,272,424,354,307,143,0,0,0,137,181,162,143,149,82,449,180,264,211,272,203,154,69,218,113,229,55,"d__Eukaryota; p__Mollusca; c__Bivalvia; o__Unionida; f__Unionidae; g__Anodonta; s__Anodonta_anatina"
"Pseudanodonta_complanata",0,0,0,0,0,0,0,0,0,0,5,29,19,0,11,60,121,3,30,11,35,5,0,0,17,3,3,3,0,0,0,0,6,0,29,7,102,0,3,4,9,3,101,7,29,44,0,0,0,3,3,0,0,0,0,0,0,0,0,3,0,0,0,0,0,0,0,9,3,10,3,0,4,"d__Eukaryota; p__Mollusca; c__Bivalvia; o__Unionida; f__Unionidae; g__Pseudanodonta; s__Pseudanodonta_complanata"
"Unio_pictorum",0,0,0,0,0,0,0,0,0,0,81,54,29,0,0,0,180,52,255,50,85,25,31,70,65,0,4,4,5,7,42,15,6,0,231,141,254,38,66,11,84,45,69,36,26,105,0,0,0,0,0,3,0,0,27,7,3,16,27,39,81,4,6,5,8,0,19,21,0,0,3,9,3,"d__Eukaryota; p__Mollusca; c__Bivalvia; o__Unionida; f__Unionidae; g__Unio; s__Unio_pictorum"
"Unio_tumidus",0,0,0,0,0,0,0,0,0,0,0,0,0,0,0,0,0,0,0,0,0,0,0,23,3,0,0,0,0,0,0,0,0,0,0,0,0,0,0,0,0,0,0,0,0,0,0,0,0,0,0,0,0,0,0,0,0,0,0,0,0,0,0,0,0,0,0,0,0,0,0,0,0,"d__Eukaryota; p__Mollusca; c__Bivalvia; o__Unionida; f__Unionidae; g__Unio; s__Unio_tumidus"
"Ampullaceana_balthica",0,0,0,0,0,0,0,0,0,0,97,77,53,3,28,47,106,3,9,7,6,11,70,36,66,14,13,3,21,15,13,0,3,32,75,0,31,21,24,0,59,0,19,158,17,23,0,0,0,23,0,0,0,0,0,0,0,0,0,0,0,0,3,0,0,0,0,8,0,33,3,0,0,"d__Eukaryota; p__Mollusca; c__Gastropoda; o__unknown; f__Lymnaeidae; g__Ampullaceana; s__Ampullaceana_balthica"
"Radix_auricularia",0,0,0,0,0,0,0,0,0,0,0,0,0,0,0,3,0,0,0,0,0,0,0,0,0,0,0,0,0,34,0,0,0,0,0,0,0,0,0,0,0,0,0,0,0,0,0,0,0,0,0,0,0,0,0,0,0,0,0,0,0,0,0,0,0,0,0,0,0,0,0,0,0,"d__Eukaryota; p__Mollusca; c__Gastropoda; o__unknown; f__Lymnaeidae; g__Radix; s__Radix_auricularia"
"Physella_acuta",0,0,0,0,0,0,0,0,0,0,0,0,0,0,0,0,0,0,0,0,0,0,7,9,0,0,0,0,0,0,0,0,0,0,0,0,0,0,0,0,0,0,0,0,0,0,0,0,0,0,0,0,0,0,0,0,0,0,0,0,0,0,0,0,0,0,0,0,0,0,0,0,0,"d__Eukaryota; p__Mollusca; c__Gastropoda; o__unknown; f__Physidae; g__Physella; s__Physella_acuta"
"Lucilia",0,0,0,0,0,0,0,0,0,0,0,0,0,0,0,0,0,0,0,0,0,0,0,0,0,0,0,0,0,0,0,0,0,0,0,0,0,0,0,0,0,0,0,0,0,0,0,0,0,0,0,0,0,0,0,13,0,7,0,0,0,0,0,0,0,0,0,0,0,0,0,34,0,"d__Eukaryota; p__Arthropoda; c__Insecta; o__Diptera; f__Calliphoridae; g__Lucilia"
"Culex",0,0,0,0,0,0,0,0,0,0,0,0,0,0,0,0,0,0,0,0,0,0,0,0,0,0,0,0,0,0,0,0,0,0,0,0,0,0,0,0,0,0,0,0,0,0,0,0,0,0,0,0,0,0,0,0,0,0,0,0,0,0,0,0,0,0,0,0,0,0,17,0,0,"d__Eukaryota; p__Arthropoda; c__Insecta; o__Diptera; f__Culicidae; g__Culex"
"Simulium",0,0,0,0,0,0,0,0,0,0,0,370,732,1144,1947,1677,772,0,260,0,0,0,0,783,317,0,0,0,164,6,194,0,229,126,0,3,0,0,0,324,0,0,156,1089,1603,0,1769,1153,0,365,59,365,0,93,209,74,148,46,414,37,229,0,0,69,167,94,377,0,0,0,11,7,0,"d__Eukaryota; p__Arthropoda; c__Insecta; o__Diptera; f__Simuliidae; g__Simulium"
"Limnephilus",0,0,0,0,0,0,0,0,0,0,0,0,0,0,0,0,44,0,0,0,0,0,0,0,0,0,0,0,0,0,0,0,0,0,0,0,0,0,0,0,0,0,0,0,0,0,0,0,0,0,0,0,0,0,0,0,0,0,0,0,0,0,0,0,0,0,0,0,0,0,0,0,0,"d__Eukaryota; p__Arthropoda; c__Insecta; o__Trichoptera; f__Limnephilidae; g__Limnephilus"
"Chironomidae",0,0,0,0,0,0,0,0,0,0,0,0,62,0,0,0,54,0,0,0,0,0,0,0,0,0,0,0,0,0,0,0,0,0,0,3,0,0,3,0,0,0,0,207,27,58,0,0,0,0,0,0,0,0,3,0,0,0,3,123,22,0,19,0,0,0,0,0,0,0,0,0,0,"d__Eukaryota; p__Arthropoda; c__Insecta; o__Diptera; f__Chironomidae"
"unassigned",0,16,0,0,8159,29,24,16,12,7,52116,82569,46205,60094,81819,83479,59341,67718,83099,132276,108569,126310,80117,100592,54240,37855,47843,57173,85890,75870,80333,65387,64793,32680,112990,116753,117234,90248,93989,91462,118444,115968,121916,97968,101446,103497,41275,42964,44795,42860,48037,46421,1179,104959,81605,73659,75550,74915,76127,76742,105359,86346,69850,83899,79815,83115,75625,61993,63965,65207,75938,77018,74327,"u__unassigned"
